,Ngb,n,f,R0,R0_2,S4,Gamma1,Gamma2,Hmin2,Tnuc,alpha
0,9,20,5.0,2.5718919268152853,2.6581558559683947,159.7261515179512,6.326962176410933e-69,5.544780179389694e-69,1.1727368256625373e-37,2.7027366125852343,0.0014743595790352082
1,9,20,6.993987975951904,1.8386448015506411,1.6991847645645723,159.72615151819696,2.4222264716908287e-68,3.3208073169497125e-68,4.489728411432835e-37,3.1895135216766004,0.0028847919993326442
2,9,20,8.987975951903808,1.4307403250384507,1.2161614833328445,159.72615152658477,6.606368945618491e-68,1.2654387106645748e-67,1.2245263996166292e-36,3.6109938310499192,0.00476421847824896
3,9,20,10.981963927855713,1.1709617441023892,0.9310373350148254,159.72615152393118,1.4724320757887387e-67,3.684153438199879e-67,2.7292328939425287e-36,3.988031979512631,0.0071126910911321565
4,9,20,12.975951903807616,0.9910224490259377,0.7453406555305917,159.7261515188303,2.8699354512679497e-67,8.969884575135224e-67,5.3195813411496826e-36,4.332282021255559,0.009930309892182894
5,9,20,14.969939879759519,0.8590187895216322,0.615999517939127,159.7261515250707,5.083881774182111e-67,1.9225808258131127e-66,9.423251239339263e-36,4.651040902678535,0.013217246219511685
6,9,20,16.963927855711425,0.7580472956379845,0.5214010380184152,159.72615152170536,8.383413477291952e-67,3.745575292899522e-66,1.5539112567684913e-35,4.949234711800128,0.016973770373050097
7,9,20,18.95791583166333,0.6783161054652471,0.4495931228895961,159.7261515244659,1.3076080365289866e-66,6.775283279881562e-66,2.4237225786432705e-35,5.230374786097503,0.021200284714444986
8,9,20,20.95190380761523,0.6137609141744239,0.3934677348937229,159.7261515243174,1.9507839965388304e-66,1.15496705289388e-65,3.6158841836901243e-35,5.497065421642385,0.025897360693007083
9,9,20,22.945891783567134,0.560425358751065,0.34855168973405265,159.72615152445871,2.806305724566348e-66,1.8755874851537725e-65,5.201640214148151e-35,5.751298071747876,0.031065781450227235
10,9,20,24.939879759519037,0.5156183493515101,0.31189947240173294,159.72615152396864,3.9164504783886517e-66,2.925145922023404e-65,7.259353860363704e-35,5.994635565220629,0.036706588959025274
11,9,20,26.933867735470944,0.4774457111434769,0.2814981098651409,159.72615152582338,5.327336254429589e-66,4.408635192913059e-65,9.874507360790385e-35,6.228328913135837,0.04282113658139873
12,9,20,28.927855711422847,0.44453552874719315,0.25592858198024465,159.72615151943495,7.088921881849334e-66,6.452543436457256e-65,1.3139702001989023e-34,6.453394064180207,0.049411146502646816
13,9,20,30.92184368737475,0.41586975746288435,0.2341638985431549,159.7261515234024,9.255006757672365e-66,9.207173706027563e-65,1.7154658118627715e-34,6.6706690695497395,0.056478774196091104
14,9,20,32.91583166332666,0.3906770385206184,0.21544380157710996,159.72615152450481,1.1883231242401511e-65,1.2849022250910095e-64,2.202621509348181e-34,6.880851459216581,0.06402667647225613
15,9,20,34.90981963927856,0.3683622478464658,0.1991943307217228,159.72615151982214,1.5035076431906576e-65,1.7583211619543737e-64,2.7868331357433865e-34,7.084527640595345,0.07205808842701283
16,9,20,36.90380761523046,0.3484588844628107,0.18497464836946442,159.7261515175386,1.8775864018828385e-65,2.3645976709418316e-64,3.4802084389473725e-34,7.282197475698047,0.08057690676306206
17,9,20,38.897795591182366,0.33059610291959823,0.17244097147570803,159.72615152375568,2.317475637644875e-65,3.1307201828847976e-64,4.295567071669846e-34,7.474287325107868,0.08958778034786793
18,9,20,40.89178356713427,0.31447539121299384,0.1613215462060298,159.72615152445525,2.8304757075127755e-65,4.087300727464446e-64,5.246440591431237e-34,7.661161479054352,0.09909620888396732
19,9,20,42.88577154308617,0.2998537550219612,0.15139893152841843,159.72615151937413,3.42427102586793e-65,5.268838144163968e-64,6.347072460562707e-34,7.843130029299523,0.10910865370458256
20,9,20,44.879759519038075,0.2865313845777785,0.1424972289532842,159.7261515228174,4.106930025350297e-65,6.713985838744661e-64,7.612418046206135e-34,8.020452948240182,0.11963265867584953
21,9,20,46.873747494989985,0.2743424693327664,0.13447272705917557,159.72615152427392,4.886905295282651e-65,8.465824225406469e-64,9.058144620314133e-34,8.193351194312386,0.13067698117867313
22,9,20,48.86773547094189,0.2631482615408416,0.12720694658401255,159.72615152389724,5.77303347058174e-65,1.0572137036714831e-63,1.0700631359650023e-33,8.362012690495312,0.14225174183596517
23,9,20,50.86172344689379,0.25283177138350443,0.12060140047306775,159.72615152469027,6.774535242572959e-65,1.3085691936540997e-63,1.2556969345787859e-33,8.526596334383703,0.15436858898919711
24,9,20,52.855711422845694,0.24329366284882475,0.1145735976494933,159.72615152308958,7.901015418481953e-65,1.6064525252174685e-63,1.4644961565112427e-33,8.687243084062416,0.16704088251085447
25,9,20,54.8496993987976,0.23444904485599552,0.1090539611061572,159.72615152468777,9.162462813048291e-65,1.957223027343918e-63,1.6983122908819233e-33,8.844085332146218,0.1802839027399452
26,9,20,56.8436873747495,0.2262249376944638,0.10398342645648201,159.72615152450473,1.0569250400140277e-64,2.3678249880256975e-63,1.9590680172914505e-33,8.99723419648111,0.19411508371678898
27,9,20,58.8376753507014,0.21855825469220386,0.09931155294859696,159.72615152581568,1.2132135156111718e-64,2.845817222440565e-63,2.24875720582152e-33,9.14677918651704,0.20855428198016304
28,9,20,60.83166332665331,0.21139418077358552,0.09499502434692704,159.72615151751634,1.3862258313982821e-64,3.3994030958339415e-63,2.5694449170349e-33,9.292789431988497,0.223624079601523
29,9,20,62.825651302605216,0.20468485989414484,0.09099644959992069,159.72615152387883,1.5771144699857407e-64,4.037460673253252e-63,2.923267401975428e-33,9.435314486131663,0.23935014100073626
30,9,20,64.81963927855712,0.19838832455459457,0.08728339575005223,159.7261515248293,1.787070382483929e-64,4.769573653203793e-63,3.3124321021680214e-33,9.574382038012727,0.2557616094188956
31,9,20,66.81362725450902,0.19246761720706174,0.08382760289282133,159.72615152401661,2.017322895895481e-64,5.606062132832655e-63,3.739217649618659e-33,9.709992652309735,0.2728915866945866
32,9,20,68.80761523046093,0.1868900642991164,0.08060434237838998,159.72615152456427,2.2691397429615085e-64,6.55801400539312e-63,4.2059738668144064e-33,9.842127708308038,0.2907776822802478
33,9,20,70.80160320641284,0.1816266730169036,0.07759188895759327,159.726151524071,2.5438270749986997e-64,7.637316648652667e-63,4.715121766723392e-33,9.970750923486621,0.3094626613629252
34,9,20,72.79559118236473,0.1766516271818951,0.07477108407983023,159.72615151759757,2.8427294609337653e-64,8.856688893740239e-63,5.269153552794812e-33,10.095807854225622,0.3289952131853131
35,9,20,74.78957915831664,0.1719418638101753,0.07212497261032039,159.72615151783194,3.167229827147446e-64,1.022971310692776e-62,5.8706326189589465e-33,10.217225070910507,0.34943086972662313
36,9,20,76.78356713426854,0.16747671558444055,0.06963849897191453,159.72615152270714,3.518749543241488e-64,1.1770868037232733e-62,6.522193549627141e-33,10.334909075209238,0.37083309691347277
37,9,20,78.77755511022045,0.16323760766649462,0.06729825182508997,159.72615151734158,3.898748439164908e-64,1.3495561778259846e-62,7.226542119691824e-33,10.4487447942927,0.3932746182755517
38,9,20,80.77154308617234,0.15920779947080052,0.06509224854522863,159.72615152376875,4.3087246147357156e-64,1.5420164269327715e-62,7.986455294526472e-33,10.558592795326964,0.41683903662120075
39,9,20,82.76553106212425,0.15537216362502532,0.06300975232365445,159.72615152470533,4.7502147295435216e-64,1.756204178108791e-62,8.804781229985666e-33,10.664283871818949,0.4416227907586759
40,9,20,84.75951903807615,0.15171699627991383,0.061041116542859784,159.72615152358645,5.224793771692141e-64,1.9939589842102317e-62,9.684439272405033e-33,10.765619330073504,0.4677376082202574
41,9,20,86.75350701402806,0.14822985349330528,0.059177651641084475,159.72615152500074,5.7340751241027815e-64,2.2572267483880564e-62,1.0628419958601291e-32,10.86236872644991,0.49531354231863556
42,9,20,88.74749498997997,0.14489940968238013,0.057411510858752374,159.72615152619903,6.279710614367636e-64,2.548063174107996e-62,1.1639785015872219e-32,10.954265074649022,0.5245027974867248
43,9,20,90.74148296593187,0.1417153347536319,0.05573559183996433,159.72615152323866,6.863390491933093e-64,2.868637214441836e-62,1.272166736199666e-32,11.040998771112719,0.5554845994005176
44,9,20,92.73547094188378,0.1386681870879993,0.05414345158644953,159.72615152000301,7.486843364198831e-64,3.2212345281028748e-62,1.3877271105234567e-32,11.122209889476537,0.5884714613457698
45,9,20,94.72945891783567,0.13574932002759124,0.05262923269775017,159.7261515244782,8.151836202749444e-64,3.608260988736382e-62,1.5109871544326914e-32,11.197478368257292,0.6237173407827517
46,9,20,96.72344689378758,0.1329507999060188,0.051187599187287956,159.72615151930046,8.860174592047925e-64,4.03224633460018e-62,1.642281516849579e-32,11.26631141950549,0.661528395697057
47,9,20,98.71743486973948,0.13026533409945287,0.049813680554825365,159.72615152527248,9.613702202294005e-64,4.495847487862958e-62,1.7819519657444323e-32,11.328126919454405,0.7022774482830564
48,9,20,100.71142284569139,0.12768620748905887,0.048503022733379864,159.72615151717332,1.0414301533394249e-63,5.001852489093071e-62,1.9303473881356754e-32,11.38223181705743,0.7464236235865744
49,9,20,102.7054108216433,0.1252072264875967,0.04725154518436672,159.72615151986514,1.1263893003256879e-63,5.5531836709712455e-62,2.087823790089836e-32,11.427792749553111,0.7945397374108034
50,9,20,104.6993987975952,0.12282266929746512,0.046055503014367595,159.7261515189777,1.2164435835757785e-63,6.152901725270476e-62,2.25474429672155e-32,11.463796406667411,0.8473510481145813
51,9,20,106.6933867735471,0.12052724187626315,0.04491145366792347,159.72615151991508,1.3117927450850234e-63,6.804209061694995e-62,2.4314791521935613e-32,11.488993895573415,0.9057917187902993
52,9,20,108.687374749499,0.11831603867814353,0.04381622742087931,159.7261515245073,1.4126403706462537e-63,7.510453609461143e-62,2.618405719716719e-32,11.501821559976799,0.9710892054406662
53,9,20,110.68136272545091,0.11618450765338383,0.04276690124158862,159.72615152432203,1.519193901803841e-63,8.275132592925617e-62,2.8159084815499847e-32,11.500284651971999,1.0448946844277305
54,9,20,112.6753507014028,0.11412841898459333,0.04176077558851106,159.7261515181535,1.6316646125781453e-63,9.101896137505014e-62,3.0243790390004185e-32,11.481780604759743,1.1294925705270333
55,9,20,114.66933867735472,0.11214383707951578,0.04079535375284954,159.7261515241863,1.750267584014236e-63,9.994550865638681e-62,3.2442161124231993e-32,11.442819660178925,1.2281529573347685
56,9,20,116.66332665330663,0.11022709537726896,0.03986832338210381,159.7261515176306,1.875221810816364e-63,1.0957064293620976e-61,3.4758255412216015e-32,11.378561198737684,1.3457587820060257
57,9,20,118.65731462925852,0.10837477381199608,0.038977540059506335,159.72615151815646,2.006750050539639e-63,1.1993567746556549e-61,3.719620283847014e-32,11.281994022881939,1.4900041659109602
58,9,20,120.65130260521043,0.10658367839453026,0.03812101250302735,159.72615152543676,2.1450789345325131e-63,1.3108360825606e-61,3.97602041779893e-32,11.142369253241966,1.6739022874147131
59,9,20,122.64529058116233,0.10485082283320526,0.03729688932356302,159.7261515177422,2.290438984611984e-63,1.4305915378932238e-61,4.245453139624952e-32,10.941863475032623,1.9217244472912012
60,9,20,124.63927855711424,0.10317341196795221,0.036503447158048756,159.7261515167914,2.4430644686842573e-63,1.5590878447747746e-61,4.528352764920789e-32,10.647296123404862,2.285803558011571
61,9,20,126.63326653306613,0.10154882667725341,0.035739079911193655,159.72615152525333,2.6031935323221834e-63,1.6968076970450257e-61,4.8251607283302546e-32,10.18389725852537,2.9098087610052716
62,9,20,128.62725450901803,0.09997461022642003,0.0350022890808295,159.72615151758995,2.7710682391583116e-63,1.844252199104555e-61,5.136325583545273e-32,9.300344488320397,4.455699461441959
63,9,20,130.62124248496994,0.09844845593125569,0.034291675064965735,159.72615152221235,2.946934349815765e-63,2.001941108889509e-61,5.462303003305877e-32,,
64,9,20,132.61523046092185,0.09696819580898024,0.03360592919881607,159.7261515235297,3.1310415852338215e-63,2.170413410941022e-61,5.803555779400207e-32,,
65,9,20,134.60921843687376,0.09553179034459228,0.03294382661856375,159.72615151880564,3.3236434752367453e-63,2.350227610981174e-61,6.160553822664502e-32,,
66,9,20,136.60320641282567,0.09413731911751085,0.03230421975552566,159.7261515232917,3.5249973284359493e-63,2.5419621100180226e-61,6.533774162983115e-32,,
67,9,20,138.59719438877755,0.0927829722008399,0.03168603239405183,159.7261515181536,3.735364410788581e-63,2.7462157362616893e-61,6.9237009492885e-32,,
68,9,20,140.59118236472946,0.0914670423734563,0.031088254323390428,159.72615152472756,3.955009683936397e-63,2.963607953685942e-61,7.330825449561231e-32,,
69,9,20,142.58517034068137,0.09018791788635937,0.03050993638706855,159.7261515225588,4.1842021085859146e-63,3.194779495537195e-61,7.755646050829987e-32,,
70,9,20,144.57915831663328,0.0889440759266191,0.029950186037917662,159.7261515249776,4.4232143535778595e-63,3.440392548817834e-61,8.19866825917154e-32,,
71,9,20,146.57314629258516,0.08773407652953903,0.02940816321205094,159.72615151728596,4.67232304858081e-63,3.701131359769463e-61,8.660404699710775e-32,,
72,9,20,148.56713426853707,0.0865565570553906,0.028883076606779086,159.72615151581755,4.93180852371815e-63,3.97770243654916e-61,9.141375116620699e-32,,
73,9,20,150.56112224448898,0.08541022704337245,0.02837418022589871,159.7261515259145,5.201954990680202e-63,4.270835104511577e-61,9.64210637312241e-32,,
74,9,20,152.5551102204409,0.08429386348343623,0.027880770220084894,159.72615152392274,5.483050656994627e-63,4.5812820223655236e-61,1.0163132451485122e-31,,
75,9,20,154.5490981963928,0.08320630650411676,0.027402182021540163,159.72615152224768,5.775387386611713e-63,4.909819311613907e-61,1.0704994453026141e-31,,
76,9,20,156.5430861723447,0.08214645532355835,0.026937787660803878,159.72615152223193,6.079260938071622e-63,5.257247173608151e-61,1.12682405981109e-31,,
77,9,20,158.5370741482966,0.08111326453929708,0.0264869933214042,159.7261515244333,6.3949709140687e-63,5.624390267412034e-61,1.1853426226152931e-31,,
78,9,20,160.5310621242485,0.08010574068668837,0.02604923708015185,159.7261515245674,6.722820790271565e-63,6.0120981585595104e-61,1.2461113795613873e-31,,
79,9,20,162.52505010020042,0.07912293905907562,0.025623986829565577,159.72615152419652,7.063117846838843e-63,6.421245680018633e-61,1.3091872884003473e-31,,
80,9,20,164.5190380761523,0.07816396074548086,0.02521073834861873,159.72615151795054,7.416173254915309e-63,6.852733437775747e-61,1.374628018787957e-31,,
81,9,20,166.5130260521042,0.07722794990596174,0.024809013537768973,159.72615152411632,7.782301847270366e-63,7.307488018736113e-61,1.4424919522848148e-31,,
82,9,20,168.50701402805612,0.07631409118959133,0.024418358750182764,159.72615152396187,8.161822576819475e-63,7.786462857560721e-61,1.5128381823563266e-31,,
83,9,20,170.50100200400803,0.07542160739762593,0.02403834329085144,159.72615151768912,8.55505810144983e-63,8.290638273158501e-61,1.5857265143727101e-31,,
84,9,20,172.49498997995994,0.07454975727746524,0.023668558003883997,159.72615152344366,8.962334756645719e-63,8.821021862239004e-61,1.6612174656089928e-31,,
85,9,20,174.48897795591182,0.07369783344096653,0.023308613942747098,159.72615152450757,9.383983020549768e-63,9.378649400956428e-61,1.739372265245013e-31,,
86,9,20,176.48296593186373,0.07286516047997066,0.02295814117493933,159.7261515237365,9.82033704524965e-63,9.964584812160707e-61,1.820252854365423e-31,,
87,9,20,178.47695390781564,0.07205109316660645,0.022616787641672794,159.7261515183937,1.0271734877204858e-62,1.0579920824749922e-60,1.9039218859596817e-31,,
88,9,20,180.47094188376755,0.07125501479489998,0.022284218112890313,159.72615151692426,1.0738518286861304e-62,1.1225779232206749e-60,1.9904427249220605e-31,,
89,9,20,182.46492985971946,0.07047633561477246,0.021960113203019372,159.7261515249839,1.1221032901276763e-62,1.1903311469597034e-60,2.079879448051641e-31,,
90,9,20,184.45891783567134,0.06971449136502997,0.02164416845238125,159.7261515242652,1.1719628461665273e-62,1.2613699342967742e-60,2.1722968440523155e-31,,
91,9,20,186.45290581162325,0.06896894193487248,0.02133609349377441,159.7261515226807,1.2234658261484234e-62,1.335815486194174e-60,2.2677604135327875e-31,,
92,9,20,188.44689378757516,0.06823917006895244,0.021035611247261214,159.7261515187166,1.2766479540981329e-62,1.4137921112517037e-60,2.366336369006571e-31,,
93,9,20,190.44088176352707,0.06752468018083002,0.020742457185949,159.72615152194172,1.3315453234589574e-62,1.4954272420055395e-60,2.468091634891993e-31,,
94,9,20,192.43486973947896,0.06682499721641603,0.020456378634256516,159.72615152451414,1.3881944341429776e-62,1.580851522198745e-60,2.5730938475121853e-31,,
95,9,20,194.42885771543087,0.06613966561106811,0.02017713412750992,159.72615152197235,1.4466321669581737e-62,1.670198823101307e-60,2.6814113550950963e-31,,
96,9,20,196.42284569138278,0.06546824830343195,0.019904492807946365,159.72615151924248,1.5068957734949335e-62,1.7636062762021058e-60,2.7931132177734836e-31,,
97,9,20,198.41683366733469,0.06481032580223757,0.01963823385494861,159.72615152399294,1.5690228838748108e-62,1.8612143269658183e-60,2.9082692075849127e-31,,
98,9,20,200.4108216432866,0.06416549529989947,0.01937814594514116,159.72615151939635,1.6330515509480541e-62,1.9631668347614183e-60,3.0269498084717645e-31,,
99,9,20,202.40480961923848,0.06353336987725801,0.019124026771666164,159.726151522271,1.6990201579668957e-62,2.0696110055006976e-60,3.1492262162812243e-31,,
100,9,20,204.3987975951904,0.06291357770237678,0.018875682558773633,159.72615152553593,1.7669675106556079e-62,2.180697550365658e-60,3.2751703387652977e-31,,
101,9,20,206.3927855711423,0.06230576131302621,0.018632927630139524,159.7261515228526,1.8369327993397765e-62,2.296580686086777e-60,3.40485479558079e-31,,
102,9,20,208.3867735470942,0.06170957693291733,0.018395583998812106,159.72615151725483,1.9089555820881749e-62,2.417418158958795e-60,3.538352918289325e-31,,
103,9,20,210.3807615230461,0.06112469382131125,0.01816348097780005,159.7261515171538,1.9830757893762064e-62,2.543371295987732e-60,3.6757387503573335e-31,,
104,9,20,212.374749498998,0.060550793655757884,0.017936454811762783,159.72615152370142,2.059333748359258e-62,2.6746050828000115e-60,3.81708704715606e-31,,
105,9,20,214.3687374749499,0.05998756994845898,0.01771434832972994,159.72615151761934,2.1377702142484553e-62,2.811288253990417e-60,3.962473275961557e-31,,
106,9,20,216.36272545090182,0.05943472752935947,0.017497010640320235,159.72615152456422,2.2184262312252832e-62,2.953593152047564e-60,4.111973615954691e-31,,
107,9,20,218.35671342685373,0.05889198199034857,0.017284296801130934,159.72615152372654,2.3013433277578195e-62,3.1016960383461e-60,4.265664958221131e-31,,
108,9,20,220.3507014028056,0.05835905922793594,0.01707606755126498,159.7261515180635,2.3865633657697026e-62,3.25577693584469e-60,4.423624905751366e-31,,
109,9,20,222.34468937875752,0.05783569497462807,0.016872189035734026,159.72615151868973,2.4741285698136102e-62,3.416019713570058e-60,4.585931773440692e-31,,
110,9,20,224.33867735470943,0.057321634351082895,0.016672532542536356,159.7261515186205,2.564081591675477e-62,3.582612225490373e-60,4.752664588089221e-31,,
111,9,20,226.33266533066134,0.056816631465149384,0.016476974269656122,159.72615152387763,2.6564654346447103e-62,3.7557462507873316e-60,4.923903088401865e-31,,
112,9,20,228.32665330661325,0.05632044900513321,0.016285395087499554,159.72615151792417,2.7513235468421734e-62,3.9356176766815974e-60,5.099727724988355e-31,,
113,9,20,230.32064128256513,0.055832857891011695,0.016097680337793,159.72615151827662,2.848699668354426e-62,4.1224263227661406e-60,5.280219660363225e-31,,
114,9,20,232.31462925851704,0.05535363690058788,0.01591371961622217,159.72615152440912,2.9486379704443492e-62,4.316376191425071e-60,5.465460768945832e-31,,
115,9,20,234.30861723446895,0.054882572334835705,0.015733406579486364,159.72615151773897,3.051183064599504e-62,4.5176755338299896e-60,5.655533637060337e-31,,
116,9,20,236.30260521042086,0.054419457722887754,0.015556638776718841,159.72615151777322,3.15637983200458e-62,4.726536639005465e-60,5.850521562935707e-31,,
117,9,20,238.29659318637275,0.05396409349435086,0.015383317460415864,159.7261515181906,3.2642736153043893e-62,4.9431761721697805e-60,6.050508556705719e-31,,
118,9,20,240.29058116232466,0.05351628670716706,0.015213347431383868,159.72615152272462,3.3749101094346486e-62,5.167815057260298e-60,6.255579340408983e-31,,
119,9,20,242.28456913827657,0.05307585076614808,0.015046636877950091,159.72615152284942,3.4883354351524495e-62,5.40067864022423e-60,6.465819347988888e-31,,
120,9,20,244.27855711422848,0.05264260517403975,0.014883097234939436,159.726151524146,3.6045960495558706e-62,5.641996596562255e-60,6.681314725293653e-31,,
121,9,20,246.2725450901804,0.05221637527567119,0.014722643038030059,159.72615152283353,3.7237388266489205e-62,5.892003107878113e-60,6.9021523300763025e-31,,
122,9,20,248.26653306613227,0.051796992027810934,0.01456519179392931,159.726151517102,3.845811018626591e-62,6.150936849511567e-60,7.128419731994668e-31,,
123,9,20,250.26052104208418,0.05138429178162087,0.014410663857931652,159.72615152419635,3.970860185878564e-62,6.419040922374276e-60,7.360205212611406e-31,,
124,9,20,252.2545090180361,0.05097811604995301,0.01425898230213096,159.72615152632622,4.098934409860745e-62,6.696563254487658e-60,7.597597765393969e-31,,
125,9,20,254.248496993988,0.05057831132411491,0.014110072813605773,159.72615152419638,4.230082085880562e-62,6.983756309237635e-60,7.840687095714623e-31,,
126,9,20,256.2424849699399,0.05018472887328635,0.013963863581777177,159.72615151750438,4.3643519974858825e-62,7.280877256847031e-60,8.089563620850445e-31,,
127,9,20,258.2364729458918,0.04979722456512983,0.013820285198672096,159.72615151922437,4.501793251813835e-62,7.588187911540199e-60,8.344318469983331e-31,,
128,9,20,260.2304609218437,0.04941565867838262,0.013679270553990883,159.726151524024,4.6424554191219216e-62,7.905955021529678e-60,8.605043484199976e-31,,
129,9,20,262.2244488977956,0.04903989573811432,0.013540754743897033,159.72615151651982,4.786388505570196e-62,8.234450277471437e-60,8.87183121649189e-31,,
130,9,20,264.2184368737475,0.048669804371264724,0.013404674991729497,159.72615151636344,4.933642734867685e-62,8.573949975195367e-60,9.1447749317554e-31,,
131,9,20,266.2124248496994,0.04830525713336399,0.013270970551446586,159.72615152220868,5.084268811577677e-62,8.924735528179801e-60,9.423968606791633e-31,,
132,9,20,268.20641282565134,0.047946130366741266,0.013139582629628162,159.72615152294588,5.238317876919763e-62,9.287093445655815e-60,9.709506930306543e-31,,
133,9,20,270.2004008016032,0.04759230406741579,0.013010454312806582,159.7261515181766,5.395841404519197e-62,9.661315194852919e-60,1.0001485302910863e-30,,
134,9,20,272.1943887775551,0.04724366175443749,0.012883530495802794,159.72615152652108,5.556891144972541e-62,1.0047697143408453e-59,1.0299999837120168e-30,,
135,9,20,274.18837675350704,0.04690009031883895,0.012758757798285753,159.7261515183906,5.7215195009686565e-62,1.044654130746566e-59,1.060514735735485e-30,,
136,9,20,276.1823647294589,0.04656147993824753,0.012636084519783364,159.72615152414483,5.889778920396628e-62,1.0858154271341966e-59,1.0917025399940067e-30,,
137,9,20,278.17635270541086,0.04622772392026686,0.012515460552649514,159.72615151730636,6.061722564491014e-62,1.1282848492094338e-59,1.1235732213105838e-30,,
138,9,20,280.17034068136275,0.04589871862675542,0.012396837342671614,159.7261515224983,6.237403673219641e-62,1.1720941148717383e-59,1.1561366756986955e-30,,
139,9,20,282.1643286573146,0.04557436333574753,0.012280167812957868,159.72615152388175,6.416876116866725e-62,1.217275524597956e-59,1.1894028703623036e-30,,
140,9,20,284.15831663326657,0.045254560156690514,0.012165406318910194,159.72615151832426,6.6001940760073225e-62,1.2638619055382865e-59,1.2233818436958525e-30,,
141,9,20,286.15230460921845,0.04493921393457363,0.012052508596691427,159.72615152485042,6.787411965007743e-62,1.3118866007154204e-59,1.2580837052842646e-30,,
142,9,20,288.14629258517033,0.04462823213595436,0.011941431701041899,159.7261515237657,6.9785848422381705e-62,1.3613835554373488e-59,1.2935186359029456e-30,,
143,9,20,290.14028056112227,0.04432152477755925,0.011832133968016573,159.72615151571435,7.173768017234791e-62,1.4123872449295656e-59,1.3296968875177826e-30,,
144,9,20,292.13426853707415,0.04401900433795689,0.011724574967402751,159.7261515171925,7.373017064455172e-62,1.4649326811744328e-59,1.36662878328514e-30,,
145,9,20,294.1282565130261,0.04372058566091712,0.011618715450711978,159.72615151901988,7.5763881267086165e-62,1.5190554797675542e-59,1.4043247175518696e-30,,
146,9,20,296.12224448897797,0.04342618588759757,0.01151451731556262,159.72615152408773,7.78393764292142e-62,1.574791809962862e-59,1.4427951558552976e-30,,
147,9,20,298.11623246492985,0.04313572437116576,0.011411943559888551,159.72615151911336,7.995722564891378e-62,1.632178444747771e-59,1.4820506349232358e-30,,
148,9,20,300.1102204408818,0.04284912261828853,0.011310958251656457,159.72615152442117,8.21179995974941e-62,1.691252682713844e-59,1.522101762673977e-30,,
149,9,20,302.10420841683367,0.04256630419702819,0.011211526479082343,159.72615152435336,8.432227569035065e-62,1.7520524707732624e-59,1.5629592182162903e-30,,
150,9,20,304.0981963927856,0.042287194684344664,0.011113614323760655,159.7261515174495,8.657063407569405e-62,1.8146163252396973e-59,1.6046337518494333e-30,,
151,9,20,306.0921843687375,0.04201172160136764,0.011017188826464203,159.7261515178093,8.886365735072607e-62,1.878983329845655e-59,1.6471361850631375e-30,,
152,9,20,308.0861723446894,0.04173981433874064,0.010922217947451976,159.7261515172427,9.120193388863148e-62,1.9451932130242035e-59,1.690477410537619e-30,,
153,9,20,310.0801603206413,0.04147140410619214,0.01082867054046167,159.7261515169448,9.3586055087656e-62,2.0132862938538018e-59,1.7346683921435767e-30,,
154,9,20,312.0741482965932,0.04120642387139932,0.010736516320502982,159.7261515172613,9.601661625752015e-62,2.0833035064910026e-59,1.7797201649421872e-30,,
155,9,20,314.06813627254513,0.04094480830611441,0.010645725835988313,159.72615152519373,9.84942158808909e-62,2.155286388775783e-59,1.8256438351851097e-30,,
156,9,20,316.062124248497,0.04068649372396267,0.0105562704357827,159.7261515238973,1.0101945865472321e-61,2.2292771562631406e-59,1.8724505803144823e-30,,
157,9,20,318.0561122244489,0.040431418043503815,0.010468122250736431,159.7261515240498,1.0359295039458054e-61,2.305318592707943e-59,1.9201516489629293e-30,,
158,9,20,320.05010020040083,0.04017952072465757,0.010381254160111483,159.72615151632473,1.0621530280486563e-61,2.383454163308973e-59,1.9687583609535524e-30,,
159,9,20,322.0440881763527,0.03993074273634513,0.010295639775446463,159.7261515250866,1.0888712780401422e-61,2.4637278894455453e-59,2.0182821072999324e-30,,
160,9,20,324.0380761523046,0.039685026486247776,0.010211253403212377,159.72615152434798,1.1160904659372462e-61,2.546184564240035e-59,2.0687343502061347e-30,,
161,9,20,326.03206412825654,0.03944231579934796,0.010128070034866194,159.72615151791132,1.1438168104223708e-61,2.6308695584079443e-59,2.1201266230667074e-30,,
162,9,20,328.0260521042084,0.03920255586894262,0.010046065321266933,159.72615151814446,1.1720565579757831e-61,2.717828873247603e-59,2.172470530466672e-30,,
163,9,20,330.02004008016036,0.0389656932094069,0.009965215548184112,159.7261515250388,1.200816007164033e-61,2.8071092036477963e-59,2.225777748181543e-30,,
164,9,20,332.01402805611224,0.038731675616368345,0.00988549761594175,159.7261515253733,1.2301015114515055e-61,2.8987579516002484e-59,2.2800600231773e-30,,
165,9,20,334.0080160320641,0.03850045213499409,0.009806889023431931,159.72615151655478,1.259919450685348e-61,2.992823163338508e-59,2.33532917361042e-30,,
166,9,20,336.00200400801606,0.038271973026081846,0.009729367850995832,159.72615151842416,1.2902762140586642e-61,3.089353491395294e-59,2.391597088827852e-30,,
167,9,20,337.99599198396794,0.03804618971731385,0.009652912734989595,159.7261515249154,1.3211782614619691e-61,3.1883983500706348e-59,2.4488757293670257e-30,,
168,9,20,339.9899799599199,0.03782305477268288,0.009577502852411745,159.72615151925433,1.352632106686895e-61,3.29000788205076e-59,2.507177126955857e-30,,
169,9,20,341.98396793587176,0.037602521873353126,0.009503117911863887,159.72615152410535,1.3846442485797303e-61,3.394232790779213e-59,2.5665133845127364e-30,,
170,9,20,343.97795591182364,0.03738454576404156,0.009429738125391331,159.72615152372015,1.417221276777503e-61,3.501124610750753e-59,2.6268966761465408e-30,,
171,9,20,345.9719438877756,0.0371690822380763,0.009357344201732199,159.7261515218794,1.45036979261338e-61,3.610735514507535e-59,2.6883392471566287e-30,,
172,9,20,347.96593186372746,0.03695608810222057,0.009285917328196941,159.7261515228309,1.4840964346197739e-61,3.723118381817207e-59,2.7508534140328323e-30,,
173,9,20,349.9599198396794,0.036745521144460724,0.009215439154469493,159.72615151916085,1.5184078971623532e-61,3.8383268535490435e-59,2.814451564455475e-30,,
174,9,20,351.9539078156313,0.03653734011372064,0.00914589178260207,159.72615151940474,1.5533108888565877e-61,3.956415229592862e-59,2.879146157295352e-30,,
175,9,20,353.94789579158316,0.03633150468655543,0.009077257750190425,159.72615152525964,1.588812166576098e-61,4.077438562023878e-59,2.944949722613746e-30,,
176,9,20,355.9418837675351,0.03612797543810052,0.009009520015623915,159.72615151877426,1.6249185577644403e-61,4.201452721240978e-59,3.0118748616624196e-30,,
177,9,20,357.935871743487,0.035926713832912315,0.008942661954103552,159.72615152443709,1.6616368592757174e-61,4.328514132723127e-59,3.079934246883611e-30,,
178,9,20,359.9298597194389,0.03572768217731882,0.008876667333109666,159.7261515191509,1.6989739848497187e-61,4.4586801750502725e-59,3.1491406219100483e-30,,
179,9,20,361.9238476953908,0.03553084361960136,0.008811520313326621,159.7261515244397,1.7369368114129476e-61,4.5920087739704905e-59,3.219506801564934e-30,,
180,9,20,363.9178356713427,0.03533616210458388,0.008747205425190755,159.7261515174942,1.775532330933066e-61,4.728558817950159e-59,3.291045671861953e-30,,
181,9,20,365.9118236472946,0.035143602374694514,0.008683707570356422,159.7261515221774,1.814767491327187e-61,4.868389730766793e-59,3.363770190005276e-30,,
182,9,20,367.9058116232465,0.03495312992732037,0.008621011999766927,159.7261515246055,1.854649346226086e-61,5.011561886575485e-59,3.437693384389547e-30,,
183,9,20,369.8997995991984,0.03476471100567946,0.008559104309531232,159.72615151860427,1.8951849750734103e-61,5.158136397982051e-59,3.512828354599897e-30,,
184,9,20,371.8937875751503,0.03457831258328445,0.008497970433524342,159.72615152312318,1.9363814473082824e-61,5.308175018662327e-59,3.589188271411936e-30,,
185,9,20,373.8877755511022,0.03439390233002032,0.008437596626049943,159.7261515247311,1.978245932719061e-61,5.46174045905358e-59,3.666786376791753e-30,,
186,9,20,375.88176352705415,0.03421144860522111,0.008377969458916433,159.72615152317627,2.0207856146744333e-61,5.6188961488556256e-59,3.745635983895925e-30,,
187,9,20,377.87575150300603,0.03403092043605353,0.008319075810702438,159.72615151844752,2.0640077145190596e-61,5.779706310860124e-59,3.825750477071498e-30,,
188,9,20,379.8697394789579,0.03385228750315854,0.008260902859892762,159.72615152363596,2.1079194639626727e-61,5.944235885987899e-59,3.9071433118560114e-30,,
189,9,20,381.86372745490985,0.033675520113642866,0.00820343807120654,159.72615152345773,2.1525281928177124e-61,6.112550793569603e-59,3.9898280149774826e-30,,
190,9,20,383.85771543086173,0.033500589195640515,0.008146669193439798,159.72615151964834,2.197841234074458e-61,6.284717662699294e-59,4.073818184354404e-30,,
191,9,20,385.85170340681367,0.03332746628054549,0.008090584250692182,159.7261515235166,2.2438659369940507e-61,6.460803873308965e-59,4.159127489095754e-30,,
192,9,20,387.84569138276555,0.033156123479600674,0.008035171530714652,159.7261515228773,2.290609741801778e-61,6.640877783155946e-59,4.2457696695009915e-30,,
193,9,20,389.83967935871743,0.03298653347758234,0.007980419582192014,159.72615151783236,2.338080100245464e-61,6.825008499375739e-59,4.333758537060056e-30,,
194,9,20,391.83366733466937,0.03281866951926005,0.007926317208164722,159.72615152558782,2.3862844610181638e-61,7.013265837403845e-59,4.423107974453369e-30,,
195,9,20,393.82765531062125,0.03265250538088728,0.00787285345174523,159.72615151901374,2.4352304175287804e-61,7.20572077374302e-59,4.5138319355518325e-30,,
196,9,20,395.8216432865732,0.032488015378240066,0.007820017600788648,159.72615151869732,2.484925486529491e-61,7.402444781840062e-59,4.6059444454168296e-30,,
197,9,20,397.8156312625251,0.03232517433717944,0.007767799173098151,159.72615152384623,2.535377274078228e-61,7.603510339708342e-59,4.6994596003002225e-30,,
198,9,20,399.80961923847696,0.03216395758360637,0.0077161879117080825,159.72615152480077,2.586593448121325e-61,7.808990855695993e-59,4.794391567644357e-30,,
199,9,20,401.8036072144289,0.03200434093618207,0.007665173781573295,159.72615152455728,2.638581683074334e-61,8.018960502606506e-59,4.8907545860820635e-30,,
200,9,20,403.7975951903808,0.03184630068942651,0.007614746961282261,159.7261515182675,2.6913497125869772e-61,8.233494386886146e-59,4.988562965436642e-30,,
201,9,20,405.7915831663327,0.031689813608407745,0.007564897840779671,159.72615152148546,2.744905252878713e-61,8.452668312711813e-59,5.087831086721887e-30,,
202,9,20,407.7855711422846,0.03153485690656171,0.007515617010329339,159.72615152295432,2.799256131442433e-61,8.676559194031493e-59,5.188573402142062e-30,,
203,9,20,409.7795591182365,0.031381408244148305,0.007466895260124746,159.72615152586096,2.854410174741721e-61,8.905244706157946e-59,5.290804435091922e-30,,
204,9,20,411.7735470941884,0.031229445712066334,0.007418723572416099,159.72615152418928,2.9103752741532826e-61,9.138803501157977e-59,5.3945387801567e-30,,
205,9,20,413.7675350701403,0.03107894782611261,0.007371093118923307,159.7261515235487,2.96715932579847e-61,9.37731502024511e-59,5.4997911031121e-30,,
206,9,20,415.7615230460922,0.030929893513324383,0.007323995254239283,159.72615152531378,3.024770275921769e-61,9.620859644936501e-59,5.606576140924321e-30,,
207,9,20,417.7555110220441,0.030782262101396056,0.007277421510764753,159.72615152352333,3.0832161318488875e-61,9.869518740578629e-59,5.714908701750047e-30,,
208,9,20,419.749498997996,0.03063603331359957,0.007231363596494337,159.7261515244658,3.142504901590108e-61,1.012337446335064e-58,5.82480366493642e-30,,
209,9,20,421.74348697394794,0.030491187253109005,0.007185813387318738,159.72615151833458,3.202644682443836e-61,1.0382510059227917e-58,5.9362759810210815e-30,,
210,9,20,423.7374749498998,0.03034770440418625,0.007140762928076537,159.72615152532504,3.2636435130166564e-61,1.0647009375913074e-58,6.049340671732148e-30,,
211,9,20,425.7314629258517,0.030205565607670588,0.007096204420265791,159.72615152436165,3.325509604791745e-61,1.0916957644580547e-58,6.1640128299882206e-30,,
212,9,20,427.72545090180364,0.030064752067286253,0.007052130225691094,159.72615151967526,3.388251125764381e-61,1.1192440760837914e-58,6.280307619898386e-30,,
213,9,20,429.7194388777555,0.029925245336070126,0.007008532859833151,159.7261515182791,3.4518762715964855e-61,1.1473545526969675e-58,6.39824027676219e-30,,
214,9,20,431.71342685370746,0.029787027307209425,0.006965404987539595,159.72615152353464,3.516393287532784e-61,1.1760359731746131e-58,6.517826107069689e-30,,
215,9,20,433.70741482965934,0.029650080203841363,0.0069227394181178604,159.72615152475092,3.5818105074827096e-61,1.2052972293942722e-58,6.639080488501397e-30,,
216,9,20,435.7014028056112,0.02951438657703402,0.006880529104667639,159.72615152320878,3.6481362622409123e-61,1.2351472952255662e-58,6.762018869928322e-30,,
217,9,20,437.69539078156316,0.02937992929546267,0.006838767139084257,159.7261515182886,3.715378927836594e-61,1.265595243720922e-58,6.886656771411955e-30,,
218,9,20,439.68937875751504,0.0292466915414091,0.006797446750375306,159.726151523075,3.783546866219341e-61,1.296650226757533e-58,7.01300978420425e-30,,
219,9,20,441.683366733467,0.029114656794074455,0.006756561296504752,159.7261515183205,3.852648600682541e-61,1.3283215375556751e-58,7.141093570747667e-30,,
220,9,20,443.67735470941886,0.028983808836744132,0.006716104268217729,159.72615151813443,3.922692565303745e-61,1.3606185228249146e-58,7.270923864675124e-30,,
221,9,20,445.67134268537075,0.02885413174031818,0.006676069281072862,159.72615152492403,3.993687276139948e-61,1.39355064371664e-58,7.402516470810042e-30,,
222,9,20,447.6653306613227,0.028725609855862817,0.006636450071964448,159.7261515234374,4.0656413598848144e-61,1.427127487240923e-58,7.535887265166303e-30,,
223,9,20,449.65931863727457,0.028598227816476952,0.006597240500257325,159.72615151923952,4.138563398469527e-61,1.4613587109583196e-58,7.671052194948283e-30,,
224,9,20,451.6533066132265,0.028471970527917702,0.00655843454336806,159.7261515251177,4.212461979800849e-61,1.4962540613424514e-58,7.808027278550835e-30,,
225,9,20,453.6472945891784,0.02834682315514185,0.006520026290221138,159.72615152296345,4.287345860864369e-61,1.531823434207374e-58,7.946828605559288e-30,,
226,9,20,455.64128256513027,0.028222771127421237,0.006482009944100113,159.7261515176151,4.3632237408450004e-61,1.568076792463682e-58,8.087472336749462e-30,,
227,9,20,457.6352705410822,0.02809980012880475,0.0064443798180431194,159.72615151820688,4.4401043365123105e-61,1.6050241938871944e-58,8.229974704087656e-30,,
228,9,20,459.6292585170341,0.02797789608972981,0.006407130330923697,159.72615152361885,4.5179964472356286e-61,1.6426758158588804e-58,8.374352010730639e-30,,
229,9,20,461.62324649298597,0.027857045182139138,0.006370256005203823,159.72615152459514,4.596908949095747e-61,1.681041954251874e-58,8.520620631025675e-30,,
230,9,20,463.6172344689379,0.027737233818437387,0.006333751466642807,159.72615152504758,4.676850697012706e-61,1.7201329872681823e-58,8.668797010510502e-30,,
231,9,20,465.6112224448898,0.02761844864248552,0.006297611440017627,159.72615152220274,4.757830615360442e-61,1.7599594100081344e-58,8.81889766591334e-30,,
232,9,20,467.60521042084173,0.02750067652834986,0.006261830748676385,159.72615152540357,4.839857608258859e-61,1.80053180096894e-58,8.9709391851529e-30,,
233,9,20,469.5991983967936,0.02738390456895517,0.006226404309175544,159.7261515232234,4.922940719002705e-61,1.841860883559443e-58,9.124938227338342e-30,,
234,9,20,471.5931863727455,0.027268120078062914,0.006191327132352929,159.72615151730756,5.007088966663023e-61,1.8839574644098774e-58,9.280911522769348e-30,,
235,9,20,473.58717434869743,0.027153310584873677,0.0061565943209285915,159.72615151827432,5.092311361725905e-61,1.926832439285186e-58,9.438875872936065e-30,,
236,9,20,475.5811623246493,0.027039463825034613,0.00612220106517289,159.7261515230905,5.178617021263052e-61,1.9704968385672707e-58,9.598848150519104e-30,,
237,9,20,477.57515030060125,0.02692656773700029,0.0060881426413374835,159.7261515179601,5.2660151593337286e-61,2.014961824731565e-58,9.760845299389585e-30,,
238,9,20,479.56913827655313,0.026814610466285378,0.0060544144139171715,159.726151523038,5.354514848667114e-61,2.0602385989034023e-58,9.924884334609089e-30,,
239,9,20,481.563126252505,0.026703580348172752,0.006021011827262901,159.72615152368573,5.444125385536273e-61,2.1063385453480304e-58,1.0090982342429686e-29,,
240,9,20,483.55711422845695,0.026593465913080726,0.005987930408432715,159.7261515200273,5.5348560269871416e-61,2.1532731285076924e-58,1.0259156480293933e-29,,
241,9,20,485.55110220440883,0.02648425588116615,0.005955165764691938,159.72615151902065,5.6267160293554054e-61,2.201053908286831e-58,1.0429423976834847e-29,,
242,9,20,487.5450901803608,0.026375939155571987,0.005922713580309945,159.7261515193029,5.7197147331216545e-61,2.2496925747887906e-58,1.0601802131875955e-29,,
243,9,20,489.53907815631266,0.026268504821115455,0.005890569616150348,159.72615152448438,5.813861488348634e-61,2.2992009188882165e-58,1.0776308316431241e-29,,
244,9,20,491.53306613226454,0.02616194213572472,0.00585872970556771,159.72615151666878,5.909165811215252e-61,2.3495908969016016e-58,1.0952959972705183e-29,,
245,9,20,493.5270541082165,0.02605624053880911,0.005827189758651106,159.7261515198971,6.005637007321956e-61,2.4008744770000747e-58,1.1131774614092739e-29,,
246,9,20,495.52104208416836,0.025951389632145747,0.005795945753072222,159.72615151767823,6.103284662671628e-61,2.4530638409473572e-58,1.1312769825179337e-29,,
247,9,20,497.51503006012024,0.0258473791899601,0.005764993739086767,159.72615152448805,6.202118213049227e-61,2.5061712076729197e-58,1.1495963261740903e-29,,
248,9,20,499.5090180360722,0.025744199144232156,0.005734329832563765,159.72615152440477,6.302147321385598e-61,2.5602089900740156e-58,1.1681372650743834e-29,,
249,9,20,501.50300601202406,0.02564183958996999,0.005703950217643085,159.72615151766524,6.403381590424517e-61,2.615189676629182e-58,1.1869015790345006e-29,,
250,9,20,503.496993987976,0.025540290781606644,0.005673851145130477,159.72615151846287,6.505830569041224e-61,2.671125833546186e-58,1.2058910549891789e-29,,
251,9,20,505.4909819639279,0.02543954312292832,0.005644028927747855,159.72615151640045,6.609504003678478e-61,2.7280302115180466e-58,1.2251074869922008e-29,,
252,9,20,507.48496993987976,0.025339587171688917,0.005614479942460424,159.7261515184815,6.714411564853367e-61,2.785915630975077e-58,1.2445526762164001e-29,,
253,9,20,509.4789579158317,0.025240413630829735,0.005585200626377574,159.7261515172251,6.820563058889407e-61,2.844795072618956e-58,1.2642284309536572e-29,,
254,9,20,511.4729458917836,0.025142013352239388,0.005556187478681845,159.7261515271483,6.92796817888599e-61,2.904681571251013e-58,1.2841365666148995e-29,,
255,9,20,513.4669338677355,0.025044377323320467,0.005527437054230569,159.72615152613432,7.03663691191835e-61,2.9655883920940762e-58,1.304278905730105e-29,,
256,9,20,515.4609218436874,0.0249474966754122,0.005498945967802195,159.7261515171466,7.146579111139285e-61,3.0275288468370413e-58,1.3246572779482974e-29,,
257,9,20,517.4549098196393,0.024851362680323848,0.0054707108924141705,159.7261515241629,7.257804511843143e-61,3.0905162996025324e-58,1.3452735200375496e-29,,
258,9,20,519.4488977955912,0.024755966735431536,0.005442728552358364,159.72615152339804,7.370323234512501e-61,3.1545643880973388e-58,1.366129475884982e-29,,
259,9,20,521.4428857715432,0.024661300374522972,0.005414995728513907,159.72615151909142,7.484145235939518e-61,3.21968678426376e-58,1.3872269964967671e-29,,
260,9,20,523.436873747495,0.024567355261085704,0.005387509255155106,159.7261515184037,7.599280486627532e-61,3.2858972718558136e-58,1.4085679399981168e-29,,
261,9,20,525.4308617234469,0.024474123183084354,0.005360266017613255,159.72615151734672,7.71573907967425e-61,3.35320979571247e-58,1.4301541716333e-29,,
262,9,20,527.4248496993988,0.02438159605376725,0.005333262952747224,159.72615151810828,7.833531099282543e-61,3.421638403946949e-58,1.4519875637656286e-29,,
263,9,20,529.4188376753507,0.02428976590812203,0.005306497047318798,159.72615152236682,7.952666671126762e-61,3.491197270959661e-58,1.474069995877465e-29,,
264,9,20,531.4128256513027,0.024198624899301982,0.005279965336389606,159.72615152379814,8.073156024092895e-61,3.561900726227867e-58,1.4964033545702188e-29,,
265,9,20,533.4068136272546,0.024108165299324805,0.005253664903775022,159.7261515248771,8.195009355289542e-61,3.6337631937407e-58,1.518989533564347e-29,,
266,9,20,535.4008016032064,0.02401837949358745,0.0052275928794792825,159.72615151803274,8.318236983952054e-61,3.706799262827887e-58,1.5418304336993545e-29,,
267,9,20,537.3947895791583,0.023929259984137016,0.005201746441349421,159.72615151687137,8.442849089872893e-61,3.781023568655622e-58,1.5649279629337967e-29,,
268,9,20,539.3887775551102,0.023840799380608294,0.0051761228108367875,159.72615151546873,8.568856054332966e-61,3.85645094939127e-58,1.5882840363452757e-29,,
269,9,20,541.3827655310622,0.023752990403515056,0.00515071925471038,159.72615152030443,8.696268190590417e-61,3.933096322671276e-58,1.6119005761304423e-29,,
270,9,20,543.3767535070141,0.02366582587774404,0.005125533081941664,159.72615152273266,8.825095982434958e-61,4.010974797241686e-58,1.635779511604991e-29,,
271,9,20,545.370741482966,0.023579298733744963,0.005100561644462602,159.72615151800878,8.955349921132e-61,4.090101597905109e-58,1.659922779203672e-29,,
272,9,20,547.3647294589179,0.02349340200903701,0.005075802337849684,159.72615152523716,9.087040318637964e-61,4.170491977469397e-58,1.684332322480279e-29,,
273,9,20,549.3587174348697,0.0234081288346306,0.005051252595081502,159.72615151875522,9.22017793459554e-61,4.2521615134932706e-58,1.7090100921076524e-29,,
274,9,20,551.3527054108217,0.023323472448243832,0.005026909892753571,159.72615151629088,9.354773168391476e-61,4.3351257269116225e-58,1.733958045877687e-29,,
275,9,20,553.3466933867736,0.023239426182993572,0.005002771745900756,159.72615152323118,9.490836567180225e-61,4.4194003223246035e-58,1.759178148701317e-29,,
276,9,20,555.3406813627255,0.02315598346416958,0.004978835706499947,159.72615152390858,9.62837891960949e-61,4.5050012354679585e-58,1.7846723726085317e-29,,
277,9,20,557.3346693386774,0.023073137814037133,0.0049550993658159575,159.7261515192821,9.767410896258635e-61,4.591944461270199e-58,1.8104426967483657e-29,,
278,9,20,559.3286573146293,0.0229908828495374,0.00493156035339189,159.72615152488714,9.907943059031112e-61,4.680246057436748e-58,1.8364911073889017e-29,,
279,9,20,561.3226452905811,0.02290921227355136,0.004908216332984552,159.72615152695374,1.0049986298501121e-60,4.769922357885856e-58,1.8628195979172723e-29,,
280,9,20,563.3166332665331,0.02282811988021934,0.004885065005187653,159.72615152502013,1.0193551413880112e-60,4.860989769661045e-58,1.8894301688396554e-29,,
281,9,20,565.310621242485,0.022747599551291454,0.004862104105703977,159.72615151845997,1.0338649244684129e-60,4.953464837417482e-58,1.916324827781279e-29,,
282,9,20,567.3046092184369,0.022667645256475515,0.004839331405630703,159.7261515185207,1.0485290542716729e-60,5.0473641802238965e-58,1.9435055894864176e-29,,
283,9,20,569.2985971943888,0.022588251048152225,0.004816744709019947,159.72615152562963,1.0633486208482284e-60,5.14270460909043e-58,1.9709744758183966e-29,,
284,9,20,571.2925851703407,0.02250941105824733,0.004794341851505439,159.7261515186053,1.078324741735692e-60,5.2395031921189326e-58,1.9987335157595857e-29,,
285,9,20,573.2865731462927,0.022431119508220583,0.004772120704964436,159.72615152484337,1.0934584856178141e-60,5.3377768729006484e-58,2.0267847454114086e-29,,
286,9,20,575.2805611222445,0.022353370690915794,0.004750079169200136,159.7261515176802,1.108750984249707e-60,5.43754303209318e-58,2.0551302079943277e-29,,
287,9,20,577.2745490981964,0.022276158986704372,0.004728215179432949,159.7261515245724,1.1242033130577522e-60,5.538818887272572e-58,2.0837719538478616e-29,,
288,9,20,579.2685370741483,0.02219947884546294,0.004706526698033911,159.72615152387473,1.1398166064626093e-60,5.641622076284549e-58,2.112712040430576e-29,,
289,9,20,581.2625250501002,0.022123324798085486,0.0046850117198754745,159.72615152403833,1.1555919687411724e-60,5.74597020638142e-58,2.1419525323200816e-29,,
290,9,20,583.2565130260522,0.02204769144775647,0.00466366826839445,159.7261515181952,1.171530525723832e-60,5.8518811176599196e-58,2.1714955012130394e-29,,
291,9,20,585.2505010020041,0.02197257347513254,0.00464249439795846,159.72615152394206,1.1876333779913383e-60,5.959372643316944e-58,2.2013430259251565e-29,,
292,9,20,587.2444889779559,0.021897965626735166,0.004621488188659553,159.72615151860035,1.2039016780912454e-60,6.068463008729927e-58,2.2314971923911902e-29,,
293,9,20,589.2384769539078,0.02182386272711333,0.004600647751859736,159.72615152344022,1.2203365294076828e-60,6.179170309076229e-58,2.261960093664946e-29,,
294,9,20,591.2324649298597,0.021750259664204807,0.004579971223577596,159.7261515186425,1.2369390893926452e-60,6.291513045963924e-58,2.292733829919276e-29,,
295,9,20,593.2264529058117,0.021677151400106662,0.0045594567694518025,159.7261515191115,1.25371047643582e-60,6.405509642463456e-58,2.323820508446084e-29,,
296,9,20,595.2204408817636,0.021604532961155856,0.004539102580250261,159.72615151913786,1.270651838384755e-60,6.521178802071675e-58,2.3552222436563133e-29,,
297,9,20,597.2144288577155,0.021532399442139007,0.004518906873795621,159.7261515253731,1.287764311116903e-60,6.638539291751004e-58,2.386941157079964e-29,,
298,9,20,599.2084168336673,0.02146074599874879,0.004498867891635836,159.72615151690803,1.3050490704675083e-60,6.757610218447822e-58,2.4189793773660823e-29,,
299,9,20,601.2024048096192,0.02138956785796792,0.004478983903750386,159.7261515177303,1.322507237221146e-60,6.878410523535787e-58,2.4513390402827597e-29,,
300,9,20,603.1963927855712,0.021318860305821256,0.004459253203040156,159.72615152553038,1.340139970122947e-60,7.000959478514458e-58,2.4840222887171416e-29,,
301,9,20,605.1903807615231,0.021248618688701988,0.00443967410596942,159.7261515266493,1.3579484475844743e-60,7.125276590569697e-58,2.5170312726754115e-29,,
302,9,20,607.184368737475,0.02117883841672556,0.004420244954115839,159.72615152431726,1.3759338292281318e-60,7.251381395735851e-58,2.550368149282811e-29,,
303,9,20,609.1783567134269,0.021109514960662303,0.004400964112825819,159.72615152532288,1.3940972732393463e-60,7.379293551661397e-58,2.584035082783623e-29,,
304,9,20,611.1723446893787,0.021040643848563186,0.004381829969736353,159.72615152477047,1.4124399579288075e-60,7.509032956094919e-58,2.618034244541185e-29,,
305,9,20,613.1663326653307,0.020972220667457235,0.004362840935516514,159.72615152272616,1.4309630585817553e-60,7.640619622023339e-58,2.6523678130378796e-29,,
306,9,20,615.1603206412826,0.02090424106210982,0.004343995443425057,159.72615152292252,1.4496677489278718e-60,7.774073685217278e-58,2.687037973875132e-29,,
307,9,20,617.1543086172345,0.020836700732861663,0.004325291948289164,159.72615152419846,1.4685552135498462e-60,7.90941547374664e-58,2.7220469197734225e-29,,
308,9,20,619.1482965931864,0.02076959543530267,0.004306728926458363,159.72615152472756,1.4876266419757504e-60,8.046665476103478e-58,2.7573968505722784e-29,,
309,9,20,621.1422845691383,0.02070292097947333,0.004288304875407437,159.7261515220175,1.5068832287222934e-60,8.18584434259487e-58,2.793089973230274e-29,,
310,9,20,623.1362725450903,0.02063667323056126,0.00427001831413554,159.7261515239438,1.5263261562690557e-60,8.326972789900906e-58,2.829128501825033e-29,,
311,9,20,625.1302605210421,0.020570848103745973,0.004251867780870042,159.7261515197157,1.5459566396384015e-60,8.470071852199306e-58,2.865514657553222e-29,,
312,9,20,627.124248496994,0.02050544157001867,0.004233851835680487,159.72615152474324,1.5657758568676692e-60,8.615162490298191e-58,2.9022506687305633e-29,,
313,9,20,629.1182364729459,0.020440449646169884,0.0042159690560353656,159.7261515182725,1.5857850468576113e-60,8.762266145739646e-58,2.9393387707918213e-29,,
314,9,20,631.1122244488978,0.02037586840486189,0.004198218041381549,159.72615151791268,1.6059853914593486e-60,8.911404072333879e-58,2.976781206290814e-29,,
315,9,20,633.1062124248498,0.020311693965583025,0.00418059740904093,159.72615152246652,1.6263781059719816e-60,9.062597850738802e-58,3.014580224900404e-29,,
316,9,20,635.1002004008017,0.02024792249521571,0.004163105794552393,159.7261515216783,1.6469644247958e-60,9.215869309538638e-58,3.052738083412499e-29,,
317,9,20,637.0941883767536,0.020184550210387304,0.00414574185274665,159.7261515175509,1.667745566263153e-60,9.371240323616966e-58,3.09125704573806e-29,,
318,9,20,639.0881763527054,0.020121573376699214,0.0041285042573934875,159.72615152428907,1.688722731445517e-60,9.528732805719639e-58,3.1301393829070964e-29,,
319,9,20,641.0821643286573,0.020058988301419438,0.004111391698027114,159.7261515228504,1.7098971818089267e-60,9.688369158626039e-58,3.169387373068661e-29,,
320,9,20,643.0761523046092,0.019996791342057035,0.004094402883717179,159.72615152461404,1.731270130755322e-60,9.850171645706991e-58,3.209003301490858e-29,,
321,9,20,645.0701402805612,0.01993497889861626,0.004077536539713204,159.72615152382807,1.7528428250849016e-60,1.0014162865815978e-57,3.2489894605608444e-29,,
322,9,20,647.0641282565131,0.019873547416709363,0.004060791408821193,159.7261515232136,1.774616500655763e-60,1.0180365494837722e-57,3.2893481497848093e-29,,
323,9,20,649.058116232465,0.019812493385583444,0.004044166250539071,159.72615152490872,1.7965923979770494e-60,1.0348802377433579e-57,3.330081675788009e-29,,
324,9,20,651.0521042084168,0.019751813335553575,0.004027659839990665,159.72615151769065,1.8187717859165636e-60,1.0519496669202057e-57,3.371192352314737e-29,,
325,9,20,653.0460921843687,0.019691503843308276,0.00401127097022492,159.7261515183498,1.841155885775863e-60,1.0692471385385641e-57,3.412682500228337e-29,,
326,9,20,655.0400801603207,0.01963156152453916,0.003994998449073904,159.72615152486676,1.8637459568019216e-60,1.0867749909507362e-57,3.4545544475112044e-29,,
327,9,20,657.0340681362726,0.019571983034237718,0.00397884109919007,159.72615152235994,1.8865432869086748e-60,1.1045355943249052e-57,3.4968105292647746e-29,,
328,9,20,659.0280561122245,0.019512765071895866,0.003962797760474264,159.72615152480822,1.90954911324189e-60,1.1225313026710637e-57,3.539453087709537e-29,,
329,9,20,661.0220440881764,0.01945390437379679,0.00394686728662656,159.72615152426107,1.932764718539683e-60,1.1407645120531114e-57,3.58248447218503e-29,,
330,9,20,663.0160320641282,0.019395397717277895,0.0039310485470773785,159.7261515259444,1.9561913639553927e-60,1.1592376200301991e-57,3.6259070391498397e-29,,
331,9,20,665.0100200400802,0.019337241916121035,0.0039153404249645226,159.7261515189414,1.9798303464489668e-60,1.1779530606837315e-57,3.6697231521815976e-29,,
332,9,20,667.0040080160321,0.01927943382598681,0.0038997418195296507,159.72615151950163,2.0036829125546197e-60,1.1969132518842475e-57,3.7139351819769826e-29,,
333,9,20,668.997995991984,0.019221970337150514,0.0038842516430014707,159.72615152335837,2.0277503533616607e-60,1.2161206534865811e-57,3.758545506351724e-29,,
334,9,20,670.9919839679359,0.019164848376396915,0.003868868821364099,159.72615152278388,2.052033971419935e-60,1.2355777474018267e-57,3.803556510240601e-29,,
335,9,20,672.9859719438878,0.019108064908876708,0.0038535922952742147,159.72615152431965,2.076535043780849e-60,1.2552870145840348e-57,3.848970585697437e-29,,
336,9,20,674.9799599198398,0.019051616933516008,0.0038384210180213603,159.726151519226,2.1012548833132268e-60,1.2752509732320656e-57,3.8947901318951077e-29,,
337,9,20,676.9739478957916,0.018995501487835034,0.0038233539576337226,159.726151522281,2.1261947567838288e-60,1.2954721277118353e-57,3.94101755512553e-29,,
338,9,20,678.9679358717435,0.018939715640007012,0.0038083900934996148,159.72615151823808,2.151355998966569e-60,1.315953040042582e-57,3.9876552687996786e-29,,
339,9,20,680.9619238476954,0.018884256496354414,0.0037935284195794545,159.72615151923318,2.176739889424574e-60,1.3366962526501106e-57,4.034705693447567e-29,,
340,9,20,682.9559118236473,0.018829121195037234,0.003778767941720838,159.72615152365702,2.2023477411149328e-60,1.3577043441211682e-57,4.0821712567182636e-29,,
341,9,20,684.9498997995993,0.018774306906627344,0.0037641076778954655,159.72615152270802,2.228180887257068e-60,1.3789799212402382e-57,4.1300543933798833e-29,,
342,9,20,686.9438877755512,0.018719810836634408,0.0037495466593312514,159.72615152293193,2.2542406306703233e-60,1.400525586733754e-57,4.178357545319583e-29,,
343,9,20,688.937875751503,0.018665630221739636,0.003735083928918164,159.7261515229983,2.2805282956360058e-60,1.4223439723348502e-57,4.227083161543577e-29,,
344,9,20,690.9318637274549,0.018611762331450166,0.0037207185418589588,159.72615152723347,2.3070451970733113e-60,1.4444377191607795e-57,4.276233698177123e-29,,
345,9,20,692.9258517034068,0.01855820446445113,0.003706449564185364,159.7261515237499,2.333792691768767e-60,1.466809510845412e-57,4.3258116184645266e-29,,
346,9,20,694.9198396793588,0.018504953952799018,0.0036922760745748953,159.7261515188551,2.3607720980232475e-60,1.489462021722676e-57,4.375819392769143e-29,,
347,9,20,696.9138276553107,0.018452008159815635,0.0036781971634198703,159.72615152351509,2.3879847259290132e-60,1.5123979361655473e-57,4.426259498573372e-29,,
348,9,20,698.9078156312626,0.018399364475716898,0.003664211930965538,159.72615152502584,2.415431946332118e-60,1.5356199938429113e-57,4.477134420478666e-29,,
349,9,20,700.9018036072144,0.018347020321942353,0.003650319489211224,159.72615152221388,2.4431151067052034e-60,1.5591309349915788e-57,4.528446650205525e-29,,
350,9,20,702.8957915831663,0.01829497315081485,0.003636518961787277,159.72615152620884,2.4710355276015958e-60,1.5829334977754393e-57,4.580198686593492e-29,,
351,9,20,704.8897795591183,0.01824322044035773,0.003622809481670771,159.7261515242025,2.4991945929374336e-60,1.6070304780477704e-57,4.632393035601169e-29,,
352,9,20,706.8837675350702,0.01819175969977027,0.003609190193638234,159.7261515243551,2.5275936380902795e-60,1.6314246554331723e-57,4.685032210306191e-29,,
353,9,20,708.8777555110221,0.01814058846487839,0.003595660252278177,159.72615152399226,2.55623402947487e-60,1.656118846053601e-57,4.738118730905254e-29,,
354,9,20,710.871743486974,0.018089704298984176,0.0035822188223670307,159.7261515192009,2.5851171409177754e-60,1.6811158870872503e-57,4.7916551247140963e-29,,
355,9,20,712.8657314629259,0.01803910479502701,0.0035688650798236963,159.7261515241266,2.6142443025556443e-60,1.70641860238072e-57,4.845643926167504e-29,,
356,9,20,714.8597194388778,0.017988787568121924,0.003555598208515441,159.72615151715723,2.6436169427806063e-60,1.7320298980393167e-57,4.9000876768193155e-29,,
357,9,20,716.8537074148297,0.01793875026520913,0.0035424174044044188,159.72615151719532,2.673236386311336e-60,1.7579526264654428e-57,4.9549889253424095e-29,,
358,9,20,718.8476953907816,0.01788899055724358,0.0035293218722369083,159.7261515273946,2.7031040027324053e-60,1.7841896863607547e-57,5.0103502275287203e-29,,
359,9,20,720.8416833667335,0.017839506136919266,0.003516310824535199,159.72615151904338,2.73322125354856e-60,1.810744055563847e-57,5.06617414628923e-29,,
360,9,20,722.8356713426854,0.017790294729439972,0.0035033834862492333,159.72615151871125,2.7635894523909537e-60,1.8376186274825403e-57,5.122463251653963e-29,,
361,9,20,724.8296593186374,0.01774135408071874,0.0034905390897448187,159.7261515190983,2.794210009629192e-60,1.864816377834659e-57,5.179220120771999e-29,,
362,9,20,726.8236472945893,0.01769268196278108,0.0034777768770657184,159.72615152372785,2.825084309304503e-60,1.8923402808572938e-57,5.236447337911458e-29,,
363,9,20,728.8176352705411,0.01764427617036612,0.0034650960985417277,159.72615152310337,2.8562137766542976e-60,1.920193355802742e-57,5.294147494459511e-29,,
364,9,20,730.811623246493,0.017596134523803666,0.0034524960140015107,159.7261515193909,2.887599807707399e-60,1.9483786184289268e-57,5.352323188922384e-29,,
365,9,20,732.8056112224449,0.017548254867463576,0.0034399758921390675,159.72615151758217,2.9192437937061667e-60,1.976899097740709e-57,5.410977026925341e-29,,
366,9,20,734.7995991983968,0.017500635069155286,0.00342753501026645,159.72615152285806,2.9511471285126475e-60,2.005757841125921e-57,5.4701116212127e-29,,
367,9,20,736.7935871743488,0.01745327301766729,0.00341517265326226,159.72615152385134,2.983311259336554e-60,2.0349579502198228e-57,5.529729591647831e-29,,
368,9,20,738.7875751503007,0.01740616662642931,0.0034028881151547553,159.7261515238104,3.015737593909904e-60,2.0645025158972062e-57,5.589833565213136e-29,,
369,9,20,740.7815631262525,0.017359313831222894,0.0033906806981438002,159.72615152462015,3.0484275475651145e-60,2.094394651221404e-57,5.650426176010084e-29,,
370,9,20,742.7755511022044,0.01731271258871391,0.0033785497120359166,159.72615151888215,3.0813825683827024e-60,2.1246375094613242e-57,5.71151006525918e-29,,
371,9,20,744.7695390781563,0.017266360879973495,0.0033664944756679797,159.726151518629,3.1146040477012664e-60,2.1552342206187224e-57,5.773087881299981e-29,,
372,9,20,746.7635270541083,0.01722025670519087,0.0033545143147368024,159.72615151665707,3.148093440659066e-60,2.1861879771575705e-57,5.835162279591096e-29,,
373,9,20,748.7575150300602,0.01717439808823632,0.0033426085637198975,159.726151524525,3.1818521465015235e-60,2.21750194864122e-57,5.897735922710177e-29,,
374,9,20,750.7515030060121,0.01712878306957994,0.003330776562912327,159.72615151883176,3.2158816810361267e-60,2.2491794056820047e-57,5.960811480353921e-29,,
375,9,20,752.7454909819639,0.017083409716507642,0.0033190176627026723,159.72615152479585,3.250183406509254e-60,2.281223525613323e-57,6.02439162933808e-29,,
376,9,20,754.7394789579158,0.01703827611080037,0.003307331218436196,159.72615151930802,3.284758846815145e-60,2.3136376198213725e-57,6.088479053597455e-29,,
377,9,20,756.7334669338678,0.016993380359679757,0.003295716595013271,159.72615152269765,3.31960938646761e-60,2.346424916136046e-57,6.153076444185892e-29,,
378,9,20,758.7274549098197,0.01694872058643353,0.003284173162936292,159.72615152284368,3.3547365214727715e-60,2.379588740809189e-57,6.21818649927628e-29,,
379,9,20,760.7214428857716,0.016904294935890456,0.003272700300652452,159.72615152358807,3.390141698470208e-60,2.413132401722544e-57,6.283811924160557e-29,,
380,9,20,762.7154308617235,0.016860101571017458,0.003261297393122976,159.72615151845946,3.425826403303945e-60,2.4470592531167423e-57,6.349955431249725e-29,,
381,9,20,764.7094188376753,0.01681613867649527,0.0032499638333011002,159.7261515215225,3.461792054300889e-60,2.4813726171298578e-57,6.416619740073812e-29,,
382,9,20,766.7034068136273,0.016772404452980325,0.0032386990197828106,159.72615152319543,3.4980401556720737e-60,2.5160758968728156e-57,6.483807577281912e-29,,
383,9,20,768.6973947895792,0.01672889712042212,0.003227502358181366,159.72615151904205,3.5345721983922593e-60,2.5511725036863645e-57,6.551521676642153e-29,,
384,9,20,770.6913827655311,0.016685614919728947,0.003216373261819568,159.72615152565422,3.571389601612654e-60,2.586665813184237e-57,6.619764779041719e-29,,
385,9,20,772.685370741483,0.016642556104996382,0.0032053111485055,159.7261515180773,3.60849393818688e-60,2.622559333627084e-57,6.688539632486842e-29,,
386,9,20,774.6793587174349,0.016599718953988773,0.0031943154449201776,159.72615151895994,3.6458866121986444e-60,2.658856464980612e-57,6.757848992102799e-29,,
387,9,20,776.6733466933869,0.016557101758824116,0.003183385582723823,159.72615152335985,3.683569131453786e-60,2.6955607028219607e-57,6.827695620133925e-29,,
388,9,20,778.6673346693387,0.016514702829157377,0.003172520999901746,159.72615152618758,3.7215430088500776e-60,2.732675564784793e-57,6.898082285943583e-29,,
389,9,20,780.6613226452906,0.01647252049140325,0.003161721140452135,159.7261515184973,3.7598097766941463e-60,2.7702046016137383e-57,6.969011766014198e-29,,
390,9,20,782.6553106212425,0.016430553093010097,0.003150985456138773,159.72615152458997,3.7983708441580007e-60,2.808151288606934e-57,7.040486843947247e-29,,
391,9,20,784.6492985971944,0.01638879899226745,0.003140313402318524,159.72615151866157,3.8372278158700297e-60,2.8465192680518765e-57,7.112510310463247e-29,,
392,9,20,786.6432865731464,0.016347256569352993,0.0031297044424813737,159.72615151904176,3.8763821304729483e-60,2.8853120739949014e-57,7.185084963401765e-29,,
393,9,20,788.6372745490983,0.016305924217723165,0.003119158044707405,159.72615151788807,3.9158353317151525e-60,2.924533339230258e-57,7.258213607721412e-29,,
394,9,20,790.6312625250501,0.016264800349105477,0.003108673683756986,159.72615152512685,3.9555888970277044e-60,2.9641866639306516e-57,7.331899055499857e-29,,
395,9,20,792.625250501002,0.016223883388461147,0.0030982508389540424,159.72615152665992,3.995644403569163e-60,3.004275743852266e-57,7.406144125933809e-29,,
396,9,20,794.6192384769539,0.016183171778402304,0.0030878889960672656,159.72615152479736,4.0360033674032163e-60,3.044804246258138e-57,7.48095164533903e-29,,
397,9,20,796.6132264529059,0.01614266397747745,0.003077587646565951,159.7261515241419,4.076667298488347e-60,3.085775852170128e-57,7.556324447150333e-29,,
398,9,20,798.6072144288578,0.01610235845903361,0.003067346287179393,159.72615152472895,4.1176377290430275e-60,3.1271942785977225e-57,7.632265371921559e-29,,
399,9,20,800.6012024048097,0.01606225371121548,0.0030571644198988854,159.72615152288046,4.158916210796169e-60,3.1690632766318714e-57,7.708777267325624e-29,,
400,9,20,802.5951903807616,0.01602234823765306,0.0030470415522537144,159.72615151871398,4.2005042837100424e-60,3.2113866070722836e-57,7.785862988154475e-29,,
401,9,20,804.5891783567134,0.015982640557500375,0.003036977197362376,159.72615151852102,4.242403464974116e-60,3.2541680314876985e-57,7.863525396319111e-29,,
402,9,20,806.5831663326654,0.01594312920415696,0.003026970873365872,159.72615152516525,4.2846152894745617e-60,3.297411344292577e-57,7.941767360849596e-29,,
403,9,20,808.5771543086173,0.01590381272356075,0.0030170221027979614,159.72615152448955,4.3271413702638475e-60,3.3411204209307797e-57,8.020591757895002e-29,,
404,9,20,810.5711422845692,0.01586468967770596,0.0030071304139608233,159.7261515176521,4.3699832586711065e-60,3.3852991073284027e-57,8.100001470723489e-29,,
405,9,20,812.5651302605211,0.015825758643978314,0.002997295340722775,159.72615151730724,4.413142458154192e-60,3.4299512299643416e-57,8.179999389722247e-29,,
406,9,20,814.559118236473,0.01578701821222094,0.0029875164212646954,159.72615152301685,4.456620533068118e-60,3.4750806830734806e-57,8.260588412397516e-29,,
407,9,20,816.5531062124248,0.015748466984823413,0.0029777931981690396,159.72615152300045,4.5004191034840664e-60,3.520691425035549e-57,8.34177144337458e-29,,
408,9,20,818.5470941883768,0.01571010357966293,0.0029681252196050276,159.726151522848,4.5445397152975986e-60,3.5667873740871e-57,8.423551394397791e-29,,
409,9,20,820.5410821643287,0.01567192662708252,0.0029585120380990746,159.72615151918708,4.5889839589963077e-60,3.613372503821313e-57,8.505931184330522e-29,,
410,9,20,822.5350701402806,0.01563393477256204,0.002948953211635158,159.72615152495422,4.63375335269758e-60,3.6604507483601147e-57,8.588913739155204e-29,,
411,9,20,824.5290581162325,0.015596126671314539,0.0029394483014593725,159.72615152331034,4.6788495576086766e-60,3.708026177822893e-57,8.672501991973323e-29,,
412,9,20,826.5230460921844,0.0155585009945615,0.0029299968746247062,159.72615152424004,4.72427411305127e-60,3.7561027826746557e-57,8.756698883005409e-29,,
413,9,20,828.5170340681364,0.015521056424179317,0.002920598501832532,159.7261515189482,4.7700286514298553e-60,3.804684649222599e-57,8.841507359591042e-29,,
414,9,20,830.5110220440882,0.015483791656950968,0.0029112527591728427,159.72615151855283,4.816114713133494e-60,3.853775807785251e-57,8.92693037618884e-29,,
415,9,20,832.5050100200401,0.015446705400226447,0.0029019592263416273,159.72615151701063,4.862533925124713e-60,3.9033803797303154e-57,9.012970894376486e-29,,
416,9,20,834.498997995992,0.015409796375404294,0.0028927174880882685,159.72615152360598,4.909287842881682e-60,3.953502447021592e-57,9.099631882850695e-29,,
417,9,20,836.4929859719439,0.015373063313326671,0.0028835271323058797,159.72615152258808,4.95637815002237e-60,4.00414621807974e-57,9.186916317427237e-29,,
418,9,20,838.4869739478959,0.015336504959698658,0.0028743877522962613,159.72615152354476,5.003806408181535e-60,4.0553158198255934e-57,9.274827181040939e-29,,
419,9,20,840.4809619238478,0.015300120070134374,0.0028652989447200948,159.72615151817251,5.051574272869136e-60,4.1070154776171983e-57,9.363367463745655e-29,,
420,9,20,842.4749498997996,0.015263907415004108,0.002856260311566628,159.7261515250218,5.099683265848634e-60,4.159249324702133e-57,9.452540162714303e-29,,
421,9,20,844.4689378757515,0.015227865772116078,0.0028472714572258485,159.72615152464695,5.148135107890236e-60,4.212021681535942e-57,9.542348282238849e-29,,
422,9,20,846.4629258517034,0.015191993933083337,0.002838331991029257,159.7261515184776,5.196931417176082e-60,4.2653368029927777e-57,9.632794833730302e-29,,
423,9,20,848.4569138276554,0.015156290702354453,0.002829441526906134,159.7261515214857,5.246073743260519e-60,4.319198905635941e-57,9.723882835718722e-29,,
424,9,20,850.4509018036073,0.0151207548924678,0.0028205996814185375,159.7261515198909,5.295563791266461e-60,4.3736123583903404e-57,9.815615313853215e-29,,
425,9,20,852.4448897795592,0.015085385329686887,0.002811806076096544,159.72615152417828,5.34540314113936e-60,4.4285814440875397e-57,9.907995300901934e-29,,
426,9,20,854.438877755511,0.015050180848937472,0.0028030603353508404,159.72615152352031,5.395593491381028e-60,4.484110567298584e-57,1.0001025836752078e-28,,
427,9,20,856.4328657314629,0.015015140297963523,0.002794362088175849,159.72615152525248,5.446136446011234e-60,4.5402040723616055e-57,1.0094709968409905e-28,,
428,9,20,858.4268537074149,0.014980262533335731,0.0027857109665528914,159.72615151949876,5.497033707568899e-60,4.5968664088417203e-57,1.0189050750000722e-28,,
429,9,20,860.4208416833668,0.014945546424743869,0.0027771066071559545,159.72615151935233,5.548286854901656e-60,4.654101940401858e-57,1.0284051242768858e-28,,
430,9,20,862.4148296593187,0.01491099085064999,0.0027685486496317356,159.72615152272377,5.599897554447498e-60,4.711915126776531e-57,1.0379714515077716e-28,,
431,9,20,864.4088176352706,0.014876594699331683,0.0027600367370210527,159.72615152245208,5.651867506030269e-60,4.770310477643835e-57,1.0476043642409741e-28,,
432,9,20,866.4028056112224,0.014842356870610158,0.0027515705164220037,159.72615152331832,5.704198345551192e-60,4.82929246819958e-57,1.0573041707366426e-28,,
433,9,20,868.3967935871744,0.01480827627368548,0.0027431496381951,159.72615152398197,5.756891747663533e-60,4.888865628054111e-57,1.0670711799668309e-28,,
434,9,20,870.3907815631263,0.014774351827211348,0.0027347737558984717,159.72615151691247,5.80994942751695e-60,4.9490345437251874e-57,1.0769057016154976e-28,,
435,9,20,872.3847695390782,0.014740582462250225,0.0027264425275800503,159.72615151944692,5.86337295773801e-60,5.00980369727677e-57,1.0868080460785066e-28,,
436,9,20,874.3787575150301,0.01470696711692467,0.0027181556135541323,159.7261515227231,5.917164068437902e-60,5.071177730317785e-57,1.0967785244636256e-28,,
437,9,20,876.372745490982,0.014673504739469581,0.0027099126776903844,159.72615152276026,5.971324465982689e-60,5.133161284995931e-57,1.1068174485905288e-28,,
438,9,20,878.366733466934,0.01464019428812737,0.002701713387319411,159.7261515192267,6.025855838996599e-60,5.195759009239462e-57,1.1169251309907948e-28,,
439,9,20,880.3607214428858,0.014607034731331334,0.0026935574133515596,159.72615151948506,6.080759832568501e-60,5.258975533380194e-57,1.1271018849079038e-28,,
440,9,20,882.3547094188377,0.014574025046136814,0.002685444429644644,159.72615152415878,6.136038136000278e-60,5.322815548184538e-57,1.1373480242972456e-28,,
441,9,20,884.3486973947896,0.014541164217720842,0.0026773741127821106,159.72615152310215,6.191692510011047e-60,5.387283830102436e-57,1.1476638638261122e-28,,
442,9,20,886.3426853707415,0.014508451241704332,0.002669346143035546,159.7261515186821,6.247724642004573e-60,5.452385111551307e-57,1.1580497188737008e-28,,
443,9,20,888.3366733466935,0.014475885123822736,0.0026613602042243395,159.72615152417973,6.3041361528415e-60,5.518124086228522e-57,1.1685059055311138e-28,,
444,9,20,890.3306613226454,0.014443464875126232,0.0026534159817910162,159.72615151789122,6.360928890245142e-60,5.584505674324548e-57,1.1790327406013573e-28,,
445,9,20,892.3246492985973,0.01441118951963689,0.002645513165881119,159.72615151813508,6.418104449787203e-60,5.651534589770691e-57,1.1896305415993433e-28,,
446,9,20,894.3186372745491,0.014379058087949646,0.002637651448776376,159.72615152264117,6.475664562116612e-60,5.719215690282657e-57,1.2002996267518887e-28,,
447,9,20,896.312625250501,0.014347069618052934,0.0026298305252346835,159.72615151729488,6.533611040906602e-60,5.787553931532968e-57,1.2110403149977147e-28,,
448,9,20,898.306613226453,0.014315223160065357,0.0026220500943927795,159.72615152262054,6.591945474919877e-60,5.856554085461893e-57,1.2218529259874478e-28,,
449,9,20,900.3006012024049,0.014283517769045918,0.0026143098568591743,159.72615152540786,6.650669679903525e-60,5.926221153745527e-57,1.232737780083618e-28,,
450,9,20,902.2945891783568,0.014251952509612935,0.00260660951661918,159.72615152423927,6.709785398186574e-60,5.996560092962337e-57,1.2436951983606614e-28,,
451,9,20,904.2885771543087,0.01422052645469348,0.0025989487804875836,159.72615151834125,6.769294371871294e-60,6.06757588187476e-57,1.2547255026049185e-28,,
452,9,20,906.2825651302605,0.014189238687190152,0.0025913273588017744,159.72615152442222,6.829198225709153e-60,6.139273412324799e-57,1.265829015314635e-28,,
453,9,20,908.2765531062124,0.01415808829452016,0.0025837449632617956,159.72615152497693,6.889498823858169e-60,6.211657820109678e-57,1.277006059699961e-28,,
454,9,20,910.2705410821644,0.014127074374576299,0.002576201309267157,159.72615152632102,6.950197870243398e-60,6.284734114984257e-57,1.2882569596829515e-28,,
455,9,20,912.2645290581163,0.014096196031539663,0.0025686961142920082,159.72615151965246,7.011297178921897e-60,6.358507431761111e-57,1.2995820398975663e-28,,
456,9,20,914.2585170340682,0.01406545238024839,0.0025612290995921305,159.72615152347154,7.072798373590532e-60,6.432982749414272e-57,1.3109816256896707e-28,,
457,9,20,916.2525050100201,0.0140348425393601,0.002553799987528706,159.72615151833736,7.134703352359383e-60,6.50816532653253e-57,1.3224560431170316e-28,,
458,9,20,918.2464929859719,0.014004365639214192,0.0025464085046582987,159.72615152473813,7.197013730029668e-60,6.584060178050805e-57,1.3340056189493263e-28,,
459,9,20,920.2404809619239,0.013974020813585186,0.002539054378480768,159.72615152231032,7.259731421427132e-60,6.660672624302026e-57,1.345630680668133e-28,,
460,9,20,922.2344689378758,0.013943807207207502,0.0025317373404186512,159.72615152488504,7.322858095862514e-60,6.738007776409816e-57,1.3573315564669344e-28,,
461,9,20,924.2284569138277,0.013913723969401803,0.002524457123311684,159.72615151899268,7.386395627997898e-60,6.816070962933913e-57,1.3691085752511193e-28,,
462,9,20,926.2224448897796,0.01388377026011567,0.0025172134637756966,159.72615152382895,7.450345652419962e-60,6.894867306873477e-57,1.3809620666379827e-28,,
463,9,20,928.2164328657315,0.013853945243168358,0.002510006099568788,159.72615152509596,7.51471005835879e-60,6.974402196602521e-57,1.392892360956721e-28,,
464,9,20,930.2104208416835,0.013824248090565056,0.002502834771292892,159.72615151872668,7.57949066382072e-60,7.054680976019542e-57,1.40489978924844e-28,,
465,9,20,932.2044088176353,0.013794677983673821,0.002495699222839293,159.72615152366626,7.644689112970856e-60,7.135708844837519e-57,1.4169846832661448e-28,,
466,9,20,934.1983967935872,0.013765234107464759,0.0024885991991259585,159.72615152454296,7.71030731765133e-60,7.217491283196663e-57,1.4291473754747494e-28,,
467,9,20,936.1923847695391,0.013735915655709967,0.002481534448171436,159.72615152487137,7.776347048406245e-60,7.300033658446648e-57,1.4413881990510713e-28,,
468,9,20,938.186372745491,0.013706721827869053,0.0024745047198502447,159.72615151641415,7.84281017236585e-60,7.383341454867364e-57,1.4537074878838324e-28,,
469,9,20,940.180360721443,0.013677651833679692,0.002467509767703724,159.7261515259945,7.909698280831588e-60,7.467419911560488e-57,1.466105576573661e-28,,
470,9,20,942.1743486973949,0.013648704883875746,0.002460549345295773,159.72615152289657,7.977013428180435e-60,7.552274741731336e-57,1.4785828004330876e-28,,
471,9,20,944.1683366733467,0.013619880199815358,0.0024536232100025685,159.72615151676288,8.044757351085821e-60,7.637911372947227e-57,1.4911394954865493e-28,,
472,9,20,946.1623246492986,0.013591177009971256,0.0024467311216193836,159.7261515223438,8.112931745188528e-60,7.72433521502542e-57,1.503775998470388e-28,,
473,9,20,948.1563126252505,0.01356259454575887,0.0024398728407599396,159.72615151867848,8.181538602935459e-60,7.811551992696074e-57,1.5164926468328509e-28,,
474,9,20,950.1503006012025,0.013534132048373029,0.0024330481314968305,159.72615151872364,8.250579642018468e-60,7.899567184551427e-57,1.5292897787340888e-28,,
475,9,20,952.1442885771544,0.013505788763681543,0.0024262567593911315,159.72615151798362,8.32005672787029e-60,7.988386438108394e-57,1.542167733046156e-28,,
476,9,20,954.1382765531063,0.013477563944921599,0.002419498492549217,159.72615152304616,8.38997163655362e-60,8.078015336043248e-57,1.5551268493530152e-28,,
477,9,20,956.1322645290581,0.01344945685018618,0.002412773100625592,159.7261515263691,8.460326267592417e-60,8.168459607520667e-57,1.5681674679505313e-28,,
478,9,20,958.12625250501,0.013421466744147523,0.002406080355520671,159.72615152466327,8.531122489653675e-60,8.259724975262438e-57,1.5812899298464755e-28,,
479,9,20,960.120240480962,0.013393592898485272,0.002399420031523668,159.72615152358622,8.602362097894106e-60,8.351817112573019e-57,1.5944945767605225e-28,,
480,9,20,962.1142284569139,0.013365834590453306,0.002392791904781654,159.72615152452704,8.674046927439335e-60,8.444741756392517e-57,1.607781751124252e-28,,
481,9,20,964.1082164328658,0.013338191102749569,0.002386195753228173,159.72615152265402,8.74617887197927e-60,8.538504726627704e-57,1.6211517960811495e-28,,
482,9,20,966.1022044088177,0.013310661725083897,0.002379631357218018,159.72615152518242,8.818759722664321e-60,8.633111764076015e-57,1.6346050554866046e-28,,
483,9,20,968.0961923847696,0.013283245751595748,0.0023730984985052884,159.7261515240602,8.891791410215882e-60,8.728568774573892e-57,1.6481418739079106e-28,,
484,9,20,970.0901803607215,0.01325594248291745,0.0023665969610509948,159.72615151823894,8.965275807721263e-60,8.824881630396157e-57,1.6617625966242698e-28,,
485,9,20,972.0841683366734,0.013228751226973893,0.00236012653134864,159.72615152367374,9.039214636408295e-60,8.922056073426581e-57,1.6754675696267833e-28,,
486,9,20,974.0781563126253,0.013201671293798248,0.0023536869964044774,159.7261515183433,9.113609968132217e-60,9.020098226733098e-57,1.6892571396184615e-28,,
487,9,20,976.0721442885772,0.013174702002638611,0.0023472781464846507,159.7261515180167,9.188463532390966e-60,9.119013889220276e-57,1.7031316540142173e-28,,
488,9,20,978.0661322645291,0.013147842677143029,0.002340899773273783,159.72615152642987,9.263777171046886e-60,9.218808998073716e-57,1.7170914609408707e-28,,
489,9,20,980.0601202404811,0.013121092644426778,0.0023345516694967395,159.72615152570566,9.339552933767566e-60,9.31948972902043e-57,1.7311369092371446e-28,,
490,9,20,982.054108216433,0.013094451239092374,0.0023282336304918452,159.72615151935042,9.415792674939216e-60,9.421062082290161e-57,1.7452683484536654e-28,,
491,9,20,984.0480961923848,0.013067917801805053,0.002321945453634323,159.7261515178949,9.492498183931716e-60,9.523532015346255e-57,1.7594861288529676e-28,,
492,9,20,986.0420841683367,0.013041491677814024,0.0023156869378106256,159.72615152428003,9.56967132458821e-60,9.626905586423806e-57,1.7737906014094889e-28,,
493,9,20,988.0360721442886,0.013015172216034999,0.0023094578830224117,159.72615152383582,9.647314136224013e-60,9.731189061362212e-57,1.7881821178095718e-28,,
494,9,20,990.0300601202405,0.012988958772725849,0.002303258091831522,159.72615152434065,9.725428444763873e-60,9.836388509423047e-57,1.8026610304514648e-28,,
495,9,20,992.0240480961925,0.012962850708259805,0.0022970873681031935,159.7261515222671,9.804016190169639e-60,9.942510143642336e-57,1.8172276924453187e-28,,
496,9,20,994.0180360721444,0.012936847388421673,0.002290945517525063,159.7261515171622,9.883079286516611e-60,1.0049560175158149e-56,1.831882457613191e-28,,
497,9,20,996.0120240480962,0.012910948185482423,0.0022848323480098485,159.72615152366987,9.962619499011038e-60,1.0157544683472971e-56,1.8466256804890425e-28,,
498,9,20,998.0060120240481,0.012885152473533699,0.0022787476678962073,159.7261515218404,1.0042638944969979e-59,1.0266470143628823e-56,1.8614577163187422e-28,,
499,9,20,1000.0,0.0128594596347225,0.002272691288362662,159.72615152487532,1.012313941100689e-59,1.0376342707849612e-56,1.8763789210600591e-28,,
