,Unnamed: 0,n1,a1,n2,a2,n3,a3,EWSB,chh,Tres,Tc_0,phi_false_0,phi_true_0,Tn_0,alpha_0,beta_0,vw_0,vJ_0,SNR_0,Tc_1,phi_false_1,phi_true_1,Tn_1,alpha_1,beta_1,vw_1,vJ_1,SNR_1,Tc_2,phi_false_2,phi_true_2,Tn_2,alpha_2,beta_2,vw_2,vJ_2,SNR_2
0,16,1,1.4653279507787855,41,7.24202000604782,90,8.185367451474558,True,-1.6389941789663895,256.2800116058802,254.9616858183789,70.51153335774453,411.6278833394362,247.1721166605639,0.0012277220800077384,20482.10673111779,0.3589064687323649,0.6052426440446542,1.1973491036171724e-12,243.59082402113918,417.0305013692681,483.66100273853624,242.86949863073195,0.00010679153874774168,121843.508309445,0.1085332511784244,0.5857260693643039,5.892054438490409e-21,,,,,,,,,
1,2,55,3.05202133087934,73,6.029283586117827,87,6.445327112209532,True,-1.4549639535041776,255.20079144002997,248.22953156501887,67.36678467746017,182.07508850809512,247.50830383063496,0.0011098826405048837,174198.63554160786,0.10790515313547676,0.6039041428106319,1.370705796368638e-18,,,,,,,,,,,,,,,,,,
0,4,44,5.67154132989705,73,-7.008992035821513,77,7.571454439694167,True,-1.4435830243944174,105.22518176839165,104.68038333468546,15.4,63.3,103.37913979389454,0.006110609117072533,83129.02735377563,0.22157045942295894,0.6375720119286578,5.385911943881054e-13,,,,,,,,,,,,,,,,,,
1,10,34,2.686473116443196,80,-5.895983438481133,81,6.411979417353763,True,-3.719798200622269,132.25181894534649,132.07845771774186,19.25491872293749,84.8,129.54508127706248,0.0059258086212319785,34692.493397740014,0.2738745927412873,0.6367092903068574,3.113918186138052e-11,,,,,,,,,,,,,,,,,,
2,1,39,6.065424031321843,78,-6.297224651400839,79,7.530030959252571,True,-0.2113004006341748,126.68415430113632,126.41127612491995,14.4,54.5,125.36206640808498,0.005881801822534972,281331.22887044674,0.1812836665621594,0.6365016182797177,3.9674489047152915e-16,,,,,,,,,,,,,,,,,,
3,16,33,3.5792660364672724,34,4.072519279972616,92,4.788379636290095,True,-1.6061282680605815,143.76175375429662,142.89819663217597,16.8,73.1,141.5187520091415,0.005332083277169136,354134.6663799453,0.19499175275309547,0.6338300805952959,7.553017011558374e-17,,,,,,,,,,,,,,,,,,
4,14,58,3.9398894345676014,88,-4.340372078828687,91,5.2284581384894055,True,2.6578188764835518,239.22149947637809,206.79966034091976,51.69210031044092,205.8,203.2078996895591,0.004758257239399307,23637.504531460752,0.2611956857981831,0.6308710947213273,2.5213087151974127e-11,,,,,,,,,,,,,,,,,,
5,9,17,7.097576116973122,26,8.50758183750277,52,8.559582231461736,True,-0.8546657731018554,190.0432900432901,163.49805477975818,44.1,188.4,159.2375448606648,0.004514948381566922,38192.04645772436,0.3183280535548884,0.6295564722404245,6.9370541097923884e-12,132.7113542584793,197.64991489103932,231.1,132.25008510896077,0.0007256674427658183,90361.61212134974,0.11742607641560687,0.5989225787647259,7.51629546530677e-17,,,,,,,,,
6,12,29,5.475296582788491,36,7.904806182243387,63,8.362809705442329,True,0.042203551841051394,199.76194608284808,171.56416233391238,46.0,190.5,167.85545258084272,0.004504055882500502,22894.22786824014,0.2908185481611597,0.6294967089871648,5.782446321059261e-11,,,,,,,,,,,,,,,,,,
7,5,30,4.922077846448049,35,9.168965018103274,63,9.323938809522815,True,0.055982289446144695,197.94809251770542,170.33158455268904,45.9,190.5,166.52277450045676,0.0044661895384359935,21312.033023459,0.2956119742127545,0.6292883239614439,8.580854902939662e-11,,,,,,,,,,,,,,,,,,
8,6,34,1.8556550375438456,53,2.2690515196137984,95,2.7925555480771345,True,-0.6293579087464012,195.03253253253257,165.19096584537203,44.88958606626897,188.08958606626896,162.91041393373104,0.004419872605180999,218282.7256854884,0.23333439711628864,0.6290320969236993,4.679805342412114e-16,126.3175417528752,200.0,231.57264442962986,125.92735557037014,0.0007639171612358268,110493.72404379492,0.1107877741651867,0.5994724339298051,3.3802527023101273e-17,,,,,,,,,
9,13,37,4.020611736060006,42,7.189319212223875,94,8.23055914592199,True,-1.162458000586332,189.30153406118728,159.12211396517762,43.6,187.4,156.35482667824402,0.004398432391161036,31.77643952109404,0.2613368427324609,0.6289129848184666,0.008881277074215639,133.37850521311657,195.9,231.51769929407533,132.88230070592468,0.0007892161592223088,104638.02567246344,0.12154578861230395,0.5998282795136984,4.963290286516904e-17,,,,,,,,,
10,8,47,2.1130237525232936,56,2.5401485120226788,99,3.546124447220942,True,-0.17995567754471525,197.7676457307739,167.11146224300634,45.55503754720187,189.45503754720187,164.24496245279815,0.004397155993705629,177121.98324697657,0.2596376957310117,0.6289058835943908,1.638083894383325e-15,,,,,,,,,,,,,,,,,,
11,15,27,1.3601749738512137,38,1.731472893766469,70,2.186378252246378,True,-0.5663481651660439,192.94527719583957,164.30648777675736,44.743197285730304,188.5,161.5568027142697,0.004390104642375711,124415.26190708592,0.2565246258635758,0.6288666296455439,9.71261122688465e-15,127.3396543126812,199.9,231.36195443353046,127.03804556646955,0.0007383111941856725,416205.394590991,0.09703519803313727,0.5991059717501538,3.183767677098326e-20,,,,,,,,,
12,17,31,3.841773086898965,33,8.842795183181488,70,9.28059628067599,True,-0.7139146679628363,188.28042876105857,161.42628467760167,44.1,188.7,157.7049206057817,0.004389953747463562,56205.679180556144,0.2998648214984911,0.6288657925466687,8.150852134809409e-13,131.00968079373027,198.3,230.70092957318082,130.69907042681922,0.0007149883880521897,431070.7345533528,0.09721931320365317,0.5987663824290489,2.2334649611619228e-20,,,,,,,,,
13,7,18,4.209064107707846,19,9.365378608914547,43,9.936016932647117,True,-0.8782790144576339,185.8594625700956,159.7279068879995,43.87510040950672,188.5,156.22489959049332,0.004370947498168868,11394.541766047472,0.2927999423811043,0.6287598196048348,2.012590738125533e-09,132.85410878674648,197.2,231.6992878489056,132.40071215109438,0.0007483646831096291,121179.39137684506,0.11640065503502542,0.5992506330374859,1.899668518204638e-17,,,,,,,,,
14,9,53,3.5847032429732817,78,-5.6138894113921465,81,5.901727575470217,True,1.7765325337276994,207.5595285450132,192.99849610681733,44.449271344732935,202.4,187.9253643276336,0.004161217691847869,14371.280863275339,0.3207072634721261,0.6275730783193553,4.2286714116734565e-10,,,,,,,,,,,,,,,,,,
15,16,7,0.8752818513736251,13,7.480719875407139,27,7.72043559561768,True,-0.4786142466143185,188.0497436828251,159.7469136180651,44.302645470229024,188.7,158.29735452977096,0.0041328947806490825,626964.6295616558,0.1895877726134637,0.6274103015822204,1.3676761578443087e-18,126.53338597910243,200.11559683594442,232.4155968359444,126.0844031640556,0.0007658435844249117,114674.61112198699,0.1186522729718584,0.5994997486313648,3.2229783909282447e-17,,,,,,,,,
16,0,18,7.699271512782213,39,-8.031053770388073,41,9.420234986514368,True,-0.7849789821805074,158.32729421711485,155.3493972079431,35.27800172195358,194.7780017219536,146.6219982780464,0.004101249715484022,6865.2942578873035,0.4619008595394175,0.627227688180485,1.2455233227972115e-07,,,,,,,,,,,,,,,,,,
17,18,60,3.87463385601418,93,-5.7667084448786845,99,8.31539389265362,True,0.27295539986918954,182.8919137561113,159.11281366032404,45.135375967668274,192.33537596766826,156.16462403233174,0.0038466347789258243,250638.5020143468,0.2700072376966228,0.6257293365443632,2.4881226884304395e-16,,,,,,,,,,,,,,,,,,
18,17,45,3.09073826983928,79,-3.9619050279871786,84,5.151439901037853,True,-0.05866858155953614,169.77348016832306,156.48189991431306,41.67584299434503,194.2,150.12415700565495,0.003840009306365172,10523.76841912732,0.3966052413441997,0.6256896281200006,5.959424779489065e-09,,,,,,,,,,,,,,,,,,
19,19,35,4.751735173338859,58,-5.568602700601391,63,7.426150976505902,True,0.07352214642112245,169.06066139176306,155.1279909469049,42.34445530380113,194.5,149.35554469619888,0.003732593470217379,11897.930256042715,0.3801807308204547,0.6250404987975013,2.6095953407800136e-09,,,,,,,,,,,,,,,,,,
20,19,49,3.173083465681969,88,-6.557863453515648,95,8.207589246949713,True,-0.3297316824146716,160.89794830802026,142.57441830364888,42.6791495373961,196.17914953739609,138.9208504626039,0.003388746605959904,1927.5144253516564,0.316884413186779,0.6228907668372663,4.894202742299659e-06,,,,,,,,,,,,,,,,,,
21,4,51,2.638854881705776,80,-8.980152176039159,85,9.625026220888577,True,0.053911478384912566,156.31951743990325,141.4513402864374,42.79548072279492,198.5,136.90451927720508,0.003181096745840568,49077.327350367465,0.35463632544451706,0.6215342453132102,1.5481224468439825e-12,,,,,,,,,,,,,,,,,,
22,5,51,1.9467023609994718,75,-8.037443127090393,76,8.821652839336243,True,-3.0519423940206214,266.8226687108313,257.5208387986549,62.61135117066795,328.8,250.3628829431107,0.002325931889688021,18315.546213907222,0.3344057643823501,0.6153655324332673,1.0932293939699405e-11,,,,,,,,,,,,,,,,,,
23,14,56,2.9591441002726704,85,-4.793769585129817,85,6.031545695669433,True,-2.6268568700545805,263.64883401920446,252.1021922257101,61.874628120294545,309.3,247.37512395990186,0.0022984184758382594,26284.073930295097,0.2746313697223421,0.6151481560626558,1.0583246311227472e-12,,,,,,,,,,,,,,,,,,
24,11,60,6.302667430513318,62,8.414530624051974,95,8.709259266447997,True,-2.6052496808167294,258.8127348426476,253.0271042334499,63.25456635502546,324.42271682248725,247.1227168224873,0.002080300497079408,20794.94567846856,0.3072879988903288,0.6133729908558387,3.37500481822574e-12,,,,,,,,,,,,,,,,,,
25,19,46,4.548430720685374,52,5.370141158140783,78,5.8718831761189385,True,-2.4947404465870684,258.89825602812243,254.13008976634208,61.37417760838951,329.9,247.90860746387017,0.0020175597457140213,20971.197019464864,0.3151205634897678,0.6128440576046292,3.1441263361757817e-12,,,,,,,,,,,,,,,,,,
26,8,45,3.7191668026051374,48,8.205936283088256,81,8.45527387362986,True,-2.5539400045903267,261.1549618835593,256.72229941247275,61.482173541559156,348.2,248.7059421528136,0.001978911577769282,16605.227190762504,0.35660799630394746,0.6125138436863719,1.368016171415346e-11,183.38164906447918,379.99198860485114,414.2839772097026,183.10801139514874,0.00013064023418195945,272987.88647686923,0.07704405154970244,0.5866069383344533,2.750103887900034e-22,,,,,,,,,
27,4,39,4.385883098848264,48,7.52449922479272,79,8.115352831243888,True,-2.5330984171893336,261.9800033743388,256.9984138257519,61.38047177299594,351.6,248.73984274233467,0.00196296113253856,16308.199643723729,0.36196198301849297,0.6123765564740344,1.5356749537145066e-11,191.05288875103162,381.5765089919551,418.376508991955,190.72349100804504,0.00012880227095414214,177016.4298727786,0.08282648935755578,0.5865421248953465,2.174759227233008e-21,,,,,,,,,
28,9,33,6.296066297822713,40,7.887960772665885,61,9.116379396961824,True,-2.3052072532305994,260.53625217428197,255.71540297941047,60.621462116799705,342.6,248.4196344708001,0.001869873632864455,16911.58713041414,0.34157762492132765,0.611563177468661,9.153208588868708e-12,,,,,,,,,,,,,,,,,,
29,0,61,5.7946742261631545,70,8.467661316590661,97,9.031824976814443,True,-2.0604190141428207,255.2453330628076,249.90330023489602,64.45904241132817,328.0469858628906,245.34698586289062,0.0016485825619335151,31152.776284610605,0.2728691961820125,0.6095383589803114,1.6864364792994082e-13,,,,,,,,,,,,,,,,,,
30,11,33,2.6212489247742035,41,7.230312335372641,64,7.659514246701522,True,-2.0499773134829726,258.52477718685003,254.84753819981339,61.791342934009116,350.2,247.92716426649773,0.0016407806841650158,20433.479644475105,0.3346217290972919,0.6094644069728147,2.2926146925832132e-12,,,,,,,,,,,,,,,,,,
31,9,20,2.9717322518472784,56,5.8937670989163315,95,6.223287614767269,True,-2.0767358378077714,256.2800116058802,253.78885597123286,65.7109348859834,364.0,246.4963550380056,0.0015521618638844755,21277.428404707865,0.34504448446935226,0.6086109442851705,1.7842704228697895e-12,,,,,,,,,,,,,,,,,,
32,7,21,4.9147515735817215,48,5.739508843551422,78,6.2474592692512365,True,-1.9957769732351176,256.8993373978934,254.9620561478593,63.3084113134867,364.8,247.63052956217118,0.001549755979001729,21862.69659643253,0.34524304911343945,0.608587417887605,1.5360658088910507e-12,,,,,,,,,,,,,,,,,,
33,14,6,-0.3822648391383439,57,8.10210970247934,93,8.267766598393788,True,-2.018109282643483,255.94306714421958,252.7135566664122,66.11107306166427,355.4,246.2296423127786,0.001515615661994873,23659.65161190164,0.32582061827786124,0.6082514597904001,8.234537921253074e-13,,,,,,,,,,,,,,,,,,
34,7,56,1.0480202281618318,59,5.675275218093356,94,7.052516856031474,True,-1.9823653035150857,255.37890315600623,252.0894735702649,66.02955440906149,353.4,246.16761139773465,0.0014833934521089438,27750.810124732445,0.3115714404633117,0.6079306768577565,3.079977063772293e-13,,,,,,,,,,,,,,,,,,
35,16,12,5.1662726165511526,64,8.304354125701533,98,8.380832414460116,True,-1.960635036627972,255.19285764106846,250.915663872856,66.74991114777721,345.5,245.6375222130557,0.001472773112230135,30498.806828223944,0.2944857036561276,0.6078241401759814,1.6232019390629417e-13,,,,,,,,,,,,,,,,,,
36,18,41,3.153254461033333,51,5.783341185857267,84,8.951320904614906,True,-1.9367737716454283,256.43085766542555,254.34954770356205,65.57220397876996,369.4,247.04259867374336,0.001467143406672452,21780.15783437849,0.3457899961267514,0.6077675014004368,1.3418449036611291e-12,205.87166724321412,399.7242852201015,448.0485704402031,205.37571477989846,0.00011582636424182839,130355.19341265393,0.09801761486990508,0.586070503290557,7.478532693653222e-21,,,,,,,,,
37,18,35,2.9389691381515597,47,-4.901107997122434,49,6.360606915083598,True,-1.825721432713164,257.03837290852624,253.84601449343342,62.89751876500762,344.4506203087481,248.05062030874808,0.0014666217439923597,25979.77800955642,0.30721245030075817,0.6077622472865121,3.864392744505902e-13,,,,,,,,,,,,,,,,,,
38,11,9,2.9075791867003566,51,8.48789061458054,81,8.599970301908357,True,-1.9071804463135709,258.2095360398486,252.73698377717992,64.7506459888304,352.41233850279235,246.9123385027924,0.00146386541836564,26809.35264333329,0.30872325693162755,0.6077344664737087,3.384305345728369e-13,,,,,,,,,,,,,,,,,,
39,10,1,-3.641374619981188,41,6.606758367823215,68,6.642876334277477,True,-1.8754492259464768,257.2710595468291,254.4396524091656,64.11160279833675,361.1,247.69613240055443,0.001460834858325324,22998.115401949526,0.3318444968510285,0.6077038901044504,8.804827941732489e-13,,,,,,,,,,,,,,,,,,
40,19,44,1.0189234330492187,64,-1.3411648029966798,68,2.038658093523239,True,-1.8943546196099283,257.23637373895235,255.75489881602797,64.60968529776889,367.6,248.09757867555786,0.001446869400978532,21316.940393214893,0.3533585328033351,0.6075625713649804,1.5187582875948888e-12,195.7299078530032,401.5617943807382,436.9617943807381,195.4691028096309,0.00010333439190656876,356143.41326130024,0.07288918399094861,0.5855903763724907,2.674775004688248e-23,,,,,,,,,
41,11,25,1.7592493025675928,28,7.1722647029851485,48,8.655618725395392,True,-1.8114641857174096,258.99394484027647,256.4622554387972,62.640476308627775,369.9,248.8398809228431,0.0014466443138317158,20029.571556153143,0.3523359601297663,0.6075602876732767,2.022552917613204e-12,202.0201680531117,402.5492369297871,445.8984738595742,201.65076307021286,0.00010332069939369834,228662.3151555225,0.08540290723692125,0.5855898343988931,2.8255188983289745e-22,,,,,,,,,
42,3,3,4.773959224846644,35,6.874068214839332,61,7.080087411748727,True,-1.828233064222038,256.72236270183623,255.6625593736712,63.77508069130757,370.41877017282684,248.28122982717312,0.001431328609855384,22613.18655490476,0.3471297980594461,0.6074044477237388,1.0332131800733487e-12,203.43630618426982,402.7778237868654,447.28891189343284,203.0110881065673,0.00010589468962152296,153364.26378008118,0.0913204201688222,0.5856910848391661,2.3173422982853696e-21,,,,,,,,,
43,4,26,0.9589258115247041,52,4.091560788101013,81,4.5767571265293245,True,-1.84172050136844,259.13891383854923,252.7665587445887,65.74305536934425,356.0,246.8856482102186,0.001409246685590458,28272.766254100807,0.31073109373532376,0.6071782127633655,2.365553513156551e-13,,,,,,,,,,,,,,,,,,
44,1,27,0.2786735779702738,41,1.6671915273238689,61,1.6913855501057302,True,-1.7635680062430883,256.8907963757748,252.8027212288104,64.45251943983146,348.2,247.41187014004208,0.0014011166102959054,29102.123624157837,0.2971492979006801,0.6070944440597166,1.7640121027152626e-13,,,,,,,,,,,,,,,,,,
45,12,16,-2.777415391704628,62,8.565695402818077,97,9.700836172626301,True,-1.88208677096704,255.11075029005653,250.977135483448,67.15440235084074,351.4,245.88639941228985,0.0013939433675636856,35851.13673644571,0.28946505087818536,0.6070203203649001,5.882406813467607e-14,,,,,,,,,,,,,,,,,,
46,16,4,1.1998920949129968,37,6.790108035571741,63,7.292596647685951,True,-1.7923421001696755,258.3784890974433,255.0018273056085,64.95938695554271,368.3,247.96015326111439,0.001393922494797204,23323.703612174693,0.3396588809097704,0.6070201044398372,7.652512662265944e-13,199.45837041250832,402.3863340714457,448.7863340714457,199.00683296427715,0.00011011353123845962,151329.52191698938,0.09501767690687343,0.5858543726920296,3.2206227495409195e-21,,,,,,,,,
47,2,12,-1.05476723704834,47,8.107485247497461,72,8.152457487208963,True,-1.7771817326095187,257.4422659997461,252.26537747924667,65.20598367292628,348.2,247.09850408176845,0.0013853615901001793,31955.252311401535,0.2910845307931706,0.6069313764071005,1.019320737568226e-13,,,,,,,,,,,,,,,,,,
48,14,7,8.25843776581759,41,9.30369475842834,65,9.816613295213696,True,-1.7658290937137664,258.21974832893267,253.5779747995044,64.82561070579114,356.1,247.66859732355223,0.001380417123237662,28265.94569929654,0.3112074414779795,0.6068799982243036,2.2133199287139527e-13,,,,,,,,,,,,,,,,,,
49,6,26,4.394659527158938,34,4.991652107975646,51,8.851155192280139,True,-1.7444559241887831,256.7931410379725,254.89283772099145,64.18779950428133,365.5,248.25305012392968,0.0013796343659016536,24752.69720672725,0.3297194668035415,0.6068718556424074,5.019511083434293e-13,,,,,,,,,,,,,,,,,,
50,1,40,-0.3842063341278213,54,5.953187339080943,84,6.1995285986816775,True,-1.7989089857488556,255.4792574735596,251.72281546862285,66.61795142890114,350.14551214277475,246.54551214277473,0.0013689925759406653,34083.342825076994,0.29177828825944635,0.6067609119260089,7.247277184781813e-14,,,,,,,,,,,,,,,,,,
51,12,20,-1.8669090628780864,50,8.159253698313115,77,8.379954371811557,True,-1.7705151149361769,255.5829159477584,251.7873830362025,66.26254088797246,347.6593647780069,246.7593647780069,0.0013636526525198404,34108.73626133896,0.2874254783661052,0.6067050699363945,6.833026330858961e-14,,,,,,,,,,,,,,,,,,
52,4,12,-1.703184421788066,63,5.3572457537310925,97,6.254524579162709,True,-1.8430267265726161,255.38145881385208,250.55657028885724,68.04212505403905,350.6,245.68946873649026,0.001358874833954701,45451.448133266014,0.2833513048205038,0.6066550081017522,1.593882870868149e-14,,,,,,,,,,,,,,,,,,
53,10,31,3.9485176770672834,37,4.689557624710719,83,7.999042796476227,True,-1.5886302211882766,256.7487265754806,256.27144401781453,32.15061537931937,638.6186730775852,254.9186730775851,0.0013426760125033134,9576504.812598687,0.1458260476818653,0.6064845815753327,8.068705506045068e-27,,,,,,,,,,,,,,,,,,
54,10,16,-2.572593527675826,49,8.339394325894197,92,9.886098262250748,True,-1.8038174625871155,255.67191817550707,254.12122396358168,67.79420812214126,384.0,246.8764479694647,0.001336547147377986,26183.91272937424,0.3455010763117328,0.6064198150668361,4.0854656537066377e-13,220.4888705411409,408.327676506606,459.02767650660604,219.97232349339401,0.00010700992523164276,133148.6255148823,0.09658888545171396,0.5857345656434149,4.132357361235321e-21,,,,,,,,,
55,1,13,3.7501092594977714,68,6.995544233993112,97,7.027986050265341,True,-1.7653941591106468,254.73861718336647,248.98154476347958,66.68032839225727,339.6549179019357,245.7549179019357,0.001333276930857013,48555.76367393714,0.23027125976171514,0.6063851963478608,6.506948370004315e-15,,,,,,,,,,,,,,,,,,
56,18,53,1.3696176758347676,65,3.40468703658312,95,5.410568114346766,True,-1.8030621255654151,254.9025125156813,250.55333068322304,68.30667272406136,352.4733318189846,245.77333181898467,0.0013293941277976954,74255.2169707931,0.2809083092589019,0.6063440318899148,1.2742506599959546e-15,,,,,,,,,,,,,,,,,,
57,0,49,1.3309247767475814,52,7.190057752332232,74,7.7840418058781875,True,-1.6894283211664831,256.36832161858473,250.47324907205623,65.44985394801895,339.58753651299526,246.7875365129953,0.0013289121831217606,52989.592905856174,0.2458290344738072,0.6063389147186911,4.8117673383908154e-15,,,,,,,,,,,,,,,,,,
58,4,14,3.1819052371125665,58,5.416760331646197,93,6.957553170739338,True,-1.8096296876503764,255.48564583356946,251.57913770717687,68.49938119292996,361.5,246.05015470176758,0.0013256211607136185,84385.83719058693,0.3022523970870837,0.606303971021104,8.1245421659847e-16,,,,,,,,,,,,,,,,,,
59,11,8,0.4610617966835289,23,4.952777916151497,41,5.527060927159567,True,-1.6660044232771596,257.1350304750877,256.56070402860854,63.841905152979145,378.5604762882448,249.23952371175525,0.0013246558234852727,23506.21712787748,0.3462100742676295,0.6062937101290423,6.616354486134879e-13,211.0894231099477,409.3465855119677,456.54658551196775,210.62670724401616,9.899504579158188e-05,140629.26358519107,0.09349783397278684,0.5854167541018886,2.6387375102636873e-21,,,,,,,,,
60,11,31,2.8132412599735375,44,5.451022685774195,84,8.110898610458698,True,-1.745026266186423,256.07547312498815,255.55999037929703,67.57937472164278,397.2,247.5051563195893,0.0013245783621250796,24521.144231039634,0.363967836320907,0.6062928880880847,6.523813032464362e-13,234.19177433439518,411.6872347873351,470.2872347873349,233.5563826063325,0.00010670823982757842,114106.1779531454,0.10382768517353627,0.5857228263149655,8.230754577624637e-21,,,,,,,,,
61,17,29,0.8911226326231318,34,5.33902090430351,54,6.8400585942412695,True,-1.6870242101161614,257.7236033231991,254.21828634774928,65.12500187735415,361.7,248.19374953066148,0.0013225128431455255,28650.806422764057,0.3144620966214097,0.6062709220616932,1.8625732117670666e-13,,,,,,,,,,,,,,,,,,
62,1,36,-2.131020532713284,51,8.081421833522121,93,8.826010679211443,True,-1.8067911060261723,255.5147754110002,252.87107261267903,68.57507335171735,375.1,246.4062316620707,0.0013179319679440865,29430.158561644388,0.32685020038897383,0.6062221413974542,1.853804616186714e-13,209.341988266524,406.07773405603683,454.63886702801835,208.8611329719817,0.00011105205333488003,135880.901188771,0.09571071297969228,0.5858902635467607,4.853398051855847e-21,,,,,,,,,
63,15,7,0.2195117521420613,40,5.952734929081958,61,6.415199451516888,True,-1.6677082531535297,255.83588106786686,252.671452739788,65.31012850836868,351.6,247.75797429832627,0.001307683212014812,37528.29854354587,0.2839210310226573,0.6061126796509746,3.5889207671547264e-14,,,,,,,,,,,,,,,,,,
64,5,17,3.5811474246652217,29,8.495276711177134,41,9.293031175588254,True,-1.6223142438761808,257.06527819353346,253.158881853294,64.31385518014507,352.77722896397097,248.17722896397098,0.0013045558309918745,35666.32664235681,0.28578023934341323,0.6060791875898577,4.638243627473948e-14,,,,,,,,,,,,,,,,,,
65,7,8,5.918062244736325,27,8.739884886200674,40,8.936119435263384,True,-1.6137632596464655,256.24647050853366,253.16317726951598,64.3794212802765,350.8841157439447,248.2841157439447,0.001297054498653992,36610.618116516955,0.282758245843435,0.605998680440021,3.888950871371587e-14,,,,,,,,,,,,,,,,,,
66,13,22,3.2819567621160743,25,5.146183943757606,39,9.260565417281004,True,-1.6333907365311933,256.9841269841269,254.8275213789241,65.04228149310575,363.9,248.65154370137887,0.0012944552800192586,26964.29166214564,0.31844100756824706,0.605970727344158,2.4288811129941753e-13,,,,,,,,,,,,,,,,,,
67,9,2,0.9189752221909959,25,8.579509609391373,40,9.574566028261877,True,-1.6308202954222746,256.0937313690066,254.3790891237936,64.76141446438776,360.0096463839032,248.60964638390308,0.0012931956362834825,30865.8054151883,0.30766866833147616,0.6059571699486912,1.1254775212859258e-13,,,,,,,,,,,,,,,,,,
68,8,2,-0.4846597746972048,57,6.373822225123664,84,7.139888066159212,True,-1.6921985122080436,255.95364569977158,250.59051037472145,66.44139892936283,346.9,246.7646502676593,0.0012882242682807606,40479.50285502087,0.25067947899378,0.6059035955777657,1.7404985365659798e-14,,,,,,,,,,,,,,,,,,
69,12,27,-3.9227193237752496,43,8.862782456272484,78,9.165922303644708,True,-1.7201074382772334,257.51939426348304,253.60348579282547,68.12440098024658,372.8,247.1938997549384,0.001284095585309355,29460.2181124877,0.32531673022610874,0.6058590195081237,1.66420343197052e-13,202.9772283304319,407.7160228177869,453.11602281778687,202.54198859110656,0.00010594180842272432,149883.71934331374,0.09247486346973376,0.5856929265953031,2.673134319703528e-21,,,,,,,,,
70,7,19,-2.5861039439337485,49,8.149795747719589,72,8.17011047379236,True,-1.6467142858781352,258.0630861754223,250.70719236938262,66.15146607681308,341.7,247.06213348079675,0.0012835272297221855,88954.2406329239,0.2445377615052388,0.6058528772373992,3.2560319745556354e-16,,,,,,,,,,,,,,,,,,
71,14,11,-4.841453237058988,59,8.984103928896047,84,9.03648514861641,True,-1.6614544236774431,254.77291506310212,249.6521876881309,66.28931065625561,340.3026723359361,246.6026723359361,0.0012786087903824154,55395.294612215526,0.22365018521825908,0.6057996631737239,2.7628731063775567e-15,,,,,,,,,,,,,,,,,,
72,6,8,5.015138472241169,38,7.3187735517014865,62,9.09936658264228,True,-1.6618054886595024,257.2710038377955,253.83420427326342,66.20515742316805,367.5,248.0189685153664,0.0012769884627871733,30987.088741611715,0.3093235270442264,0.6057821077239974,1.086732196944854e-13,,,,,,,,,,,,,,,,,,
73,8,32,-5.6623076649482895,60,8.358046244190406,99,9.490441420083359,True,-1.7619184726718753,255.17701602139962,250.00397918525672,68.26576526059358,352.3,246.0085586848516,0.0012747018944336804,143227.71126860194,0.2566847164584052,0.6057573163062271,3.386686116007039e-17,,,,,,,,,,,,,,,,,,
74,10,25,-5.477000368245375,64,7.74530049840908,96,8.756061325455818,True,-1.7041538078532212,254.57208621050415,249.21342341102346,66.5504982877691,342.4,246.36237542805767,0.0012726402289165582,67242.01869860322,0.21620392618692647,0.6057349423069419,9.684490937945477e-16,,,,,,,,,,,,,,,,,,
75,8,12,0.4991314857881086,41,2.9972164679671365,86,3.3754659377384826,True,-1.681352053498986,255.94302394372602,255.4692269583672,68.66207035839632,404.5,247.53448241040093,0.0012725251319086936,25706.329408551832,0.3616463266536956,0.6057336906506223,4.474808421468927e-13,238.80220093030547,415.0206269387659,475.5206269387659,238.1896865306171,0.00010438089186449746,141547.8949445086,0.10095430697661194,0.5856316913969709,2.4562048558758716e-21,,,,,,,,,
76,7,16,-2.1673665566380933,34,3.633127449045128,67,3.818890701653967,True,-1.6627335373629275,256.8570212248373,255.7154716291739,67.87124388911619,389.8,248.057189027721,0.0012703077953533008,24870.257082479515,0.35540585888585513,0.6057096067683599,4.895937398040256e-13,223.05674676753242,413.77877324482597,461.97877324482596,222.62122675517404,9.584342506121576e-05,155747.90872292302,0.08817067455225666,0.5852882211145373,1.1014935321243567e-21,,,,,,,,,
77,18,2,-7.436102243471169,48,8.645879059093707,72,9.969097929459439,True,-1.6544814026148995,255.3320971806209,251.57086768410642,67.039366049678,350.7,247.14015848758046,0.0012679941183223852,28797.640616973644,0.2699661764756001,0.6056844507194319,1.0644223466208232e-13,,,,,,,,,,,,,,,,,,
78,14,19,-3.635061049132036,44,3.926071084105125,90,4.226685576836914,True,-1.7102530081342409,255.9030033932568,254.31634967207,70.01482913359129,393.97870728339785,246.8212927166022,0.0012610920998275164,34092.02521361353,0.35232292854668595,0.6056092626075393,9.960131132081875e-14,228.1655906149257,413.532236807312,465.56447361462403,227.667763192688,0.00010138872314134398,159531.47256610804,0.0932302510260473,0.5855129946408886,1.2338479645856294e-21,,,,,,,,,
79,16,8,-5.036329049391837,39,6.421876128512127,63,7.9429253834658695,True,-1.640237211936498,256.16062536407526,253.4256322144233,66.68427139936516,363.4,247.92893215015877,0.0012580279883439994,35280.245156117184,0.3008073841208323,0.6055758137394185,5.060909591266925e-14,,,,,,,,,,,,,,,,,,
80,18,3,3.910433794674484,17,7.894723036333609,27,9.003052589517328,True,-1.5751412490820067,256.0779072277499,254.43880207034303,64.628280172185,359.7,248.914343965563,0.0012571699549458724,33014.712680780416,0.3011431561769482,0.6055664394630937,6.947132424824257e-14,,,,,,,,,,,,,,,,,,
81,0,10,3.2943978888469143,38,7.002364499073372,55,7.2306317725373574,True,-1.5852194487762648,255.83664141475398,251.86231618552173,65.07087336381369,347.08228165904666,247.98228165904652,0.0012570491138044456,75909.22709608439,0.2521060786099413,0.605565118965876,7.156197992103236e-16,,,,,,,,,,,,,,,,,,
82,14,20,2.204598797650231,29,4.227208169967113,58,6.066847119587044,True,-1.5845962257626378,258.12479145812483,257.3290933414009,67.46560289979843,408.2531205799597,248.94687942004032,0.0012496589404079124,24700.50654495125,0.37125992741835656,0.6054842349248513,5.577109327889493e-13,241.19166279239045,417.8582504062708,480.01650081254166,240.54174959372918,9.971691801910452e-05,59816.015853434496,0.1034549866413631,0.5854459004364527,1.2018768358065465e-19,,,,,,,,,
83,14,43,2.670636700026164,54,3.3947624053248013,97,7.759965162131637,True,-1.720367512010586,255.45764322102505,253.0945562029416,70.51998069675093,392.2799951741877,246.32000482581228,0.0012431106906492274,57276.44998454923,0.33527652713738443,0.6054123546387514,6.236081258878484e-15,228.51091570715417,411.56745496188034,471.16745496188037,227.8325450381197,0.0001107829006346228,102776.21900266998,0.10868503619128778,0.5858799864393589,1.8039251344055303e-20,,,,,,,,,
84,17,59,3.4451088507745133,61,3.8490094913979616,91,9.726130318755507,True,-1.6865652949705656,255.01487538524572,250.379633885122,67.96008028132907,354.3,246.5099799296677,0.0012412692344400866,44112.40217446202,0.25252493490784755,0.6053921049986289,1.0382901641286502e-14,,,,,,,,,,,,,,,,,,
85,13,6,-1.3303644707008484,44,1.6038026006292367,72,2.144284654548436,True,-1.6480554085231351,258.05441840641515,252.9966939881876,67.77748415042997,368.5,247.5306289623925,0.0012383294177876186,37671.80914678871,0.30034201801003113,0.6053597443567574,3.490952901455313e-14,,,,,,,,,,,,,,,,,,
86,14,20,-5.332055333399328,59,7.609747258715952,87,8.866034769357158,True,-1.6337594785848937,255.3033274463617,249.68521122503643,66.12673198454729,344.1946536030906,246.9946536030905,0.0012348205236043098,83957.31732151302,0.20984297212468253,0.605321066430092,2.727060295261885e-16,,,,,,,,,,,,,,,,,,
87,4,5,-0.5357177482196835,42,5.604192826946095,77,7.550831795847947,True,-1.6496815647898786,257.2906448735734,254.24471447035592,68.49781411257331,386.4,247.6255464718567,0.0012320676559926086,33305.835958808435,0.3307738339966798,0.6052906814903946,8.395529634913704e-14,220.60145037891118,412.5083815550389,466.1083815550388,220.04580922248056,0.00010364099556991685,128664.16545045287,0.10012500043693988,0.5856025027520246,4.7065670570945076e-21,,,,,,,,,
88,12,60,0.07562917937254987,66,5.139918815279512,98,7.115401731518912,True,-1.699047627695477,255.15550393599167,249.3358469963091,68.87459127464447,351.4063521813389,245.9063521813389,0.0012314447768145026,60860.03670730305,0.2377859342067043,0.6052838014643135,1.7967426795908798e-15,,,,,,,,,,,,,,,,,,
89,12,13,2.0657920089657837,45,6.7253924401522625,87,9.01511870257044,True,-1.6639154149430897,256.30820271640425,254.1492980778941,69.3964828537148,394.3741207134286,247.2258792865713,0.0012303610509939301,32336.28861823328,0.3384792896201931,0.6052718267317106,1.0457736437960794e-13,229.0544509365272,413.9337161836782,470.9337161836782,228.46628381632172,0.00010450642992835372,122562.64736686935,0.10108933833374396,0.5856366331329891,5.546169262113365e-21,,,,,,,,,
90,5,5,-4.253118473630579,61,5.8416553505558575,95,8.48229114586794,True,-1.689296822607712,255.38145881385208,250.47136687634395,68.5943151498785,359.9,246.4014212125304,0.0012244833470238035,40704.0451290554,0.2591426582991008,0.6052067837181128,1.5819136001177356e-14,,,,,,,,,,,,,,,,,,
91,0,2,1.4070514706449586,44,7.11551583602952,70,9.65947753949172,True,-1.6215578859901612,257.64868082973,252.50642559575803,67.52768645321859,363.81807838669533,247.61807838669537,0.0012201777333359699,48168.66051240148,0.283830063693183,0.6051590330442985,8.470771693391104e-15,,,,,,,,,,,,,,,,,,
92,5,1,-2.7130164810372013,61,6.459331256715507,96,9.737872537975566,True,-1.6968453595938795,255.4073443388045,250.30674545845812,68.84729646568947,362.0,246.2631758835776,0.0012186404680903672,93506.23517701162,0.2583703878171265,0.6051419628089927,2.5055822556975646e-16,,,,,,,,,,,,,,,,,,
93,6,6,3.153987801961041,59,3.6452069284760142,98,5.669958654358227,True,-1.7032281623327878,255.09035019213826,251.04663356290246,69.35435867768265,372.6,246.3114103305793,0.0012162324248181375,67146.7850868186,0.27993273384808776,0.6051152003404873,1.581977855318108e-15,,,,,,,,,,,,,,,,,,
94,6,26,0.5862763005678673,49,7.46575740203458,71,9.00915042160959,True,-1.5830086254409068,257.85562022090795,251.07567840489082,66.4333606360921,350.2,247.5933278727816,0.0012151639254729255,49525.228476185664,0.2389590639284317,0.6051033163319228,4.7476711143380825e-15,,,,,,,,,,,,,,,,,,
95,18,25,-3.770904544890219,56,4.945078971867642,97,6.790530071992066,True,-1.7013705849168994,255.62721771659758,250.96800444383538,69.62766402450121,370.6,246.2680839938747,0.0012114975242778544,74627.5669415152,0.27890952031679084,0.6050624961721778,9.167681929115953e-16,,,,,,,,,,,,,,,,,,
96,1,38,-4.3035815273243605,54,9.251027153790467,89,9.904137458748119,True,-1.6439765817676286,255.32097202193225,250.4711340061578,67.4226594119806,354.21933514700476,247.01933514700485,0.0012092399069068582,57012.82588166093,0.23814728371020424,0.6050373284421995,2.3270592568803503e-15,,,,,,,,,,,,,,,,,,
97,7,4,-2.569797313323705,59,7.964277981108129,84,9.527452620492632,True,-1.5877802673841792,257.1520255238353,249.6869476087918,65.99275951602888,346.2,247.28144809679424,0.0012034125372220605,112915.062520982,0.1982707688642231,0.6049722508122474,5.094142840648052e-17,,,,,,,,,,,,,,,,,,
98,12,1,1.2257647662237725,50,6.710476215460763,77,9.273856210155973,True,-1.6054537855383944,259.5980929159727,251.58351051835857,67.50156350156057,359.3,247.47460912460983,0.0012016896341845293,40455.64711099648,0.2600149489645074,0.6049529783809308,1.5328632532606568e-14,,,,,,,,,,,,,,,,,,
99,9,25,5.676907009251819,51,8.17798523188701,64,8.76080719102022,True,-1.4548130975994789,256.531156124342,251.251337004587,57.36746651001399,626.2,250.26650669799716,0.0011987493164775512,17663980.39391906,0.1257426802287861,0.6049200542892643,2.1349209473456548e-28,,,,,,,,,,,,,,,,,,
100,19,41,2.754894783010629,55,2.966391453672866,67,4.128762011237352,True,-1.5400182143394603,257.8544787298996,250.57105011126,65.07868835544357,349.2,247.8842623289113,0.0011980238435627785,86202.40859875928,0.20951525411995411,0.6049119242968234,2.152225344649465e-16,,,,,,,,,,,,,,,,,,
101,17,2,2.4127249397480988,45,4.354643645740248,66,5.314409640646666,True,-1.5596918401528608,258.82525439136697,251.2851505738253,66.90662045815064,350.8,247.73867590836983,0.0011975787948592393,46443.96719756034,0.2412194606017093,0.6049069355877648,6.370150997024921e-15,,,,,,,,,,,,,,,,,,
102,4,57,2.9432550933736117,58,5.075118027747426,76,6.0864286493882025,True,-1.480131306924386,256.30874021678613,248.24622316093013,65.93736539990343,187.222419239942,247.2925269200193,0.0011941806863546886,88268.48833969151,0.12413177181564325,0.6048688127596428,6.565452721587786e-17,,,,,,,,,,,,,,,,,,
103,5,26,-3.26200188207231,55,6.999287948749039,91,9.990169983663948,True,-1.6535333127329876,255.56338977739517,250.82674746673015,68.6249309657959,364.7,246.77501380684086,0.0011925120330336975,45165.49311764439,0.258510514060531,0.6048500714998362,8.638742850582341e-15,,,,,,,,,,,,,,,,,,
104,13,1,-0.7828248044525328,19,3.0425293684817962,31,3.9913632161278834,True,-1.5173168075286898,257.0644718792867,254.50490133911097,66.61456760253415,368.0,249.01708647949317,0.001185603286766498,23560.8377228206,0.30061018783518906,0.6047723295381721,3.033510620293231e-13,,,,,,,,,,,,,,,,,,
105,10,38,0.7130545607643093,43,5.104270356586042,85,7.944389411648093,True,-1.6026254101151285,256.08563709680703,254.06699899695045,69.89428858014033,400.2188577160282,247.48114228397202,0.0011826916995653104,43479.13057615379,0.33023241234349604,0.6047394949461271,1.979228937628889e-14,233.4190944111044,416.66449975268813,476.8644997526881,232.8355002473119,0.00010340554196134373,171449.28097286262,0.0997701961484632,0.5855931920291186,9.98432649974875e-22,,,,,,,,,
106,3,15,5.261093598385159,50,5.415130095537805,77,8.205249994769762,True,-1.592507176909079,255.70729015794186,251.8569412303151,68.37574535754344,365.5,247.4310636606141,0.001182441857754791,39918.41524874577,0.2701698597201308,0.6047366754454689,1.7184957290573762e-14,,,,,,,,,,,,,,,,,,
107,16,47,1.8599884785709868,59,3.2392209537258694,80,6.0469713027352325,True,-1.5739140285186877,255.1416746259152,250.33019412836097,67.06186263270436,353.3,247.35953434182392,0.0011802058770427018,75475.00400026367,0.2206942528631637,0.6047114281096984,4.495953680451223e-16,,,,,,,,,,,,,,,,,,
108,3,39,-2.0554623642669734,47,6.9806367076496025,94,7.842043156066811,True,-1.6342550300598195,255.68222650249984,252.9446047000065,70.51217076733022,394.02804269183264,246.87195730816742,0.0011791735991797394,82801.7643466915,0.31740759417014525,0.6046997637613535,7.157266397670558e-16,227.80512404106395,415.08778934401977,472.4755786880396,227.2122106559802,0.00010520187439058224,128300.02301557033,0.10176829596629168,0.5856639562596407,4.703273236187765e-21,,,,,,,,,
109,8,28,4.650810973436048,34,-5.742845148720745,35,7.453519899074037,True,-1.3748453787162116,256.134149344026,249.6318508601176,63.76969296177968,191.86181577706785,248.74606140764408,0.0011755981796386756,111525.69268367167,0.11931201099166025,0.6046593212113858,1.7860650422184695e-17,,,,,,,,,,,,,,,,,,
110,7,27,5.469005789418384,66,5.543430316353838,81,5.663271302816282,True,-1.4463187493591751,256.29368345417737,251.8852551163523,65.22088292337271,634.8,248.51977926915683,0.0011750310364533805,466786.7874775743,0.2345072252808316,0.6046529002331427,5.714740570773112e-20,,,,,,,,,,,,,,,,,,
111,0,42,-3.0573738216355983,56,7.789439062349928,90,8.90493968126508,True,-1.6163825264000722,255.01487538524572,249.7158239175653,68.73213343982486,353.6919666400438,246.69196664004383,0.0011724601965430587,251291.8385561676,0.22301209587169832,0.6046237733856284,1.1396495795097469e-18,,,,,,,,,,,,,,,,,,
112,12,20,-2.532466378666469,72,8.78756100182284,97,9.623946551743408,True,-1.5469117130022094,254.94453526755242,247.34316354034183,67.48114023274114,182.1108551745559,246.52971494181472,0.0011718046957537814,113467.63135218345,0.11476984317250742,0.6046163413820369,1.5478782681813282e-17,,,,,,,,,,,,,,,,,,
113,12,47,1.4297901465343692,67,3.0643278977133637,85,3.8113074687011403,True,-1.5482604481689426,257.6364081333818,249.3493532319796,66.36741801802263,349.7831454954944,247.2831454954944,0.0011683549042377814,389120.8575188085,0.18375350628392734,0.6045771918834305,8.31593873062707e-20,,,,,,,,,,,,,,,,,,
114,6,19,-2.9870316653678337,53,3.84921497250556,93,5.9981046941017775,True,-1.6359466828321272,255.46281222918049,251.42790097076542,69.45687153191997,378.5,246.83578211702005,0.0011675194803102238,112752.46124156775,0.275587238156377,0.6045677020415626,1.013395244959916e-16,,,,,,,,,,,,,,,,,,
115,14,18,0.42010009452552666,19,5.536152920801838,29,7.5606347450257445,True,-1.479782217729969,257.66184584536313,253.32295635354708,65.71483639657403,358.0170327206852,249.1170327206852,0.0011653222636828404,35819.91165903504,0.2625933141694537,0.6045427261016069,2.557461420364256e-14,,,,,,,,,,,,,,,,,,
116,18,24,6.649561972708268,53,7.409289423378173,65,8.320960698100574,True,-1.4116857123942743,256.5144900299728,252.17694121143256,61.987370812811356,631.4,249.8025258374377,0.0011596924388252005,1006641.2320301548,0.19606509854494653,0.6044786181297266,7.838552898133786e-22,,,,,,,,,,,,,,,,,,
117,13,20,-1.9890161911719613,24,7.098793975434649,46,7.5481694135459865,True,-1.5095390498688608,258.4177345643476,255.59875917722616,69.09202433477083,390.3230060836927,248.8769939163073,0.0011560431987684384,20747.63568228065,0.3336403849184553,0.6044369759914837,7.17158538167437e-13,221.4375524093177,417.6713382349226,470.1713382349226,220.96433088253872,9.566519373918259e-05,198128.42919053414,0.0923252604557327,0.5852808887035224,3.8990668935806677e-22,,,,,,,,,
118,16,30,-6.253593272923814,64,6.392765806573203,99,8.606128623671637,True,-1.5902059777743174,254.91483869600552,248.10580400040496,66.25152914146526,345.96211771463373,247.06211771463367,0.0011539232077881195,1745427.0890064363,0.13031022546980256,0.6044127526332786,2.2458878106045913e-23,,,,,,,,,,,,,,,,,,
119,13,13,-6.673694580340508,42,6.703173869964785,70,9.91615569523216,True,-1.553881336882292,259.74201374563165,252.49580907763226,68.13713621170335,371.5,248.01571594707417,0.0011529621553112322,111870.8551116968,0.2716856973610745,0.6044017637820515,9.64479568626152e-17,,,,,,,,,,,,,,,,,,
120,15,33,3.0193035199754465,69,7.230558388741143,90,8.044095193640352,True,-1.5413092340382433,255.21687264606646,248.7971053468597,66.39374293660728,350.6,247.18125141267856,0.0011516930224798384,729349.7778000284,0.16234306736128376,0.6043872448986299,2.686740934975917e-21,,,,,,,,,,,,,,,,,,
121,0,14,-2.418567509700342,27,4.703817456765844,50,5.833590933181709,True,-1.509144388118928,256.99396177070116,254.9710339723262,68.76792512221722,384.2,248.83301871944568,0.0011495174021099884,23213.07711088362,0.31860080033085025,0.6043623362042713,3.526568431313086e-13,213.7165087583921,416.82612748527015,466.12612748527016,213.23693625736493,9.600675681677088e-05,151585.96169625744,0.09463228024965807,0.5852949344903369,1.6524349992699594e-21,,,,,,,,,
122,1,4,0.5146186287144605,40,6.449023438436779,57,7.910633688892624,True,-1.4819714197451783,257.5298438934804,250.9151248010595,66.34942915606689,349.1376427109833,248.3376427109833,0.0011461460672880222,190846.70690720415,0.2051229199404536,0.6043236887369049,3.4225584396238504e-18,,,,,,,,,,,,,,,,,,
123,3,10,1.848878293343244,48,4.613053135420769,76,7.282054707497539,True,-1.5524988399252342,259.3697607072093,251.85831725327114,69.03949778736961,367.8,247.6401255531576,0.0011439281526933519,117567.79711436965,0.2638335742735721,0.6042982309497285,6.862347804706537e-17,,,,,,,,,,,,,,,,,,
124,13,23,2.3040488604719807,42,3.7101172030134784,84,6.303904762006612,True,-1.542311275866774,256.4767184880353,254.09090224314147,70.14936630138986,408.46234157534747,247.8376584246525,0.0011419549736163064,32375.5254704939,0.3216207677523882,0.6042755604720911,7.014909065203208e-14,240.23370022028487,418.9245742036909,488.1622871018455,239.43771289815456,0.00010630135130324508,105211.77572759488,0.11481460425795735,0.5857069665616221,1.361601954826762e-20,,,,,,,,,
125,18,2,-6.9934952690464005,11,9.274367244259803,16,9.587102570263788,True,-1.4014112722937555,255.71008719156868,252.1154442251677,63.923322823340655,344.1953354353318,249.29533543533188,0.0011418511877939474,135302.08809135732,0.2143662471092644,0.6042743674739902,2.0447503407549806e-17,,,,,,,,,,,,,,,,,,
126,12,57,-0.3300240013997993,61,5.353889149833304,88,7.374363455585816,True,-1.5485886804703202,255.291448701217,249.2673962571312,67.19421630323863,351.82644592419035,247.3264459241904,0.0011398023896724903,277369.11835000373,0.17803754970272515,0.6042508052498841,3.915140728959479e-19,,,,,,,,,,,,,,,,,,
127,9,21,1.2168196376930585,23,5.638376631218891,55,8.714118248707841,True,-1.3383790110841454,257.7370166129993,255.77239767884305,42.752815253315305,652.7420527847671,255.0210263923836,0.001139451304083014,36563665.7737508,0.10870240300353468,0.6042467653519258,3.4604084912224216e-30,,,,,,,,,,,,,,,,,,
128,10,4,-2.7399640439872464,43,3.5070102935071747,60,4.11839880615776,True,-1.4648251120710956,258.48079932586967,250.33979350216487,65.14574080748716,346.55085183850264,248.55085183850258,0.0011384429893961099,223961.92815149867,0.17048816071012698,0.6042351591604145,1.0218877702116754e-18,,,,,,,,,,,,,,,,,,
129,4,13,5.867273090682964,68,8.303249537228401,91,9.857473647409336,True,-1.500010522112028,254.75718830662098,247.87944707264091,67.75377762288844,182.31533321716637,247.0615555942779,0.001137165543742274,112540.3851830954,0.114995381913046,0.6042204473765895,1.4681046648007245e-17,,,,,,,,,,,,,,,,,,
130,15,7,-5.185196836405883,12,8.156474484794199,24,8.408113600727003,True,-1.4620255577479175,257.45853713547365,256.2049376668623,68.3481245572989,387.5,249.49037508854028,0.0011362598174071898,20164.835733416032,0.33334177043004937,0.6042100112565972,7.73983271442693e-13,215.71849713136865,419.39155359634213,466.29155359634217,215.30844640365783,9.182198846823852e-05,202850.09360902055,0.0870765581306351,0.5851210607422559,2.9373630567450707e-22,,,,,,,,,
131,5,38,-0.4838095539428533,41,5.753058477961446,89,7.262013266735513,True,-1.5493745066551,256.35558704808966,253.64634063730358,71.00249264129212,411.250623160323,247.44937683967697,0.0011346622766649664,84637.04754899732,0.32038776497650284,0.6041915931239671,5.837031851757393e-16,241.71931041571307,419.6422377994313,488.0844755988625,240.9577622005687,0.00010578417509932111,117230.11133684813,0.11197146225694776,0.5856867634705588,7.487614579605354e-21,,,,,,,,,
132,7,64,3.2578342345032745,84,-3.599540591478978,91,7.065144022410082,True,-1.5996533712403247,255.46281222918049,250.1718707416127,68.58572540966401,364.7,247.128568647584,0.0011345035230810134,172989.92353700034,0.22359613597133368,0.604189762100985,6.6495894941953074e-18,,,,,,,,,,,,,,,,,,
133,10,54,2.561045330101841,70,5.518427737248238,87,6.952654274582244,True,-1.498711315960615,254.8845046521934,248.3901997170348,64.65416459350992,346.209167081298,247.80916708129803,0.0011331389312650767,5926358.897715801,0.09699193507882974,0.6041740176907014,2.6765953173379545e-26,,,,,,,,,,,,,,,,,,
134,14,14,-3.637374786274064,45,6.480417058366655,98,8.969195447639873,True,-1.567860855053384,256.0842997880035,252.85562672466517,71.12159626032948,410.3053990650824,247.09460093491765,0.0011306519684532027,71732.29285265763,0.3089871498567215,0.6041452977047649,1.187249417028982e-15,241.14099391549962,419.089574453282,487.8947872266409,240.30521277335905,0.00010776563911878774,92687.02952749038,0.11742310899252995,0.5857638988220039,2.681769127379523e-20,,,,,,,,,
135,2,7,-0.1859571114925896,38,6.1542574061929525,54,7.743354655789991,True,-1.454583886694854,255.9964822975131,250.99302543161426,65.69163867655314,350.0,248.74167226468936,0.0011286085901377047,137570.10421661634,0.19142096493240585,0.6041216758417521,1.432058201572749e-17,,,,,,,,,,,,,,,,,,
136,18,41,2.436027771394077,52,6.787940218725088,66,7.7966493991388175,True,-1.44411607828482,256.89509714896593,249.4482804580599,64.17302651482835,344.5453946970344,248.54539469703442,0.0011273790406357484,1964150.0398733118,0.12082744098797965,0.6041074510434971,9.867402034688491e-24,,,,,,,,,,,,,,,,,,
137,17,21,-0.4151599429878079,58,5.201852558713666,99,9.694896724407918,True,-1.6068593935936757,255.50585475437862,250.37705369448528,69.32558278901436,380.1,246.8186043027464,0.0011273488262736758,79780.07436111497,0.2422802113122709,0.6041071013874627,3.710179057035428e-16,,,,,,,,,,,,,,,,,,
138,9,33,3.5121511212120318,53,6.171112573285985,68,8.919798834510125,True,-1.4761335021157844,255.8643234557827,250.87979078639512,65.31103666638403,360.8,248.57779266672318,0.0011232513135976082,165576.0358406599,0.19369329812826275,0.6040596371615019,5.763837632763925e-18,,,,,,,,,,,,,,,,,,
139,14,32,-0.921338458214528,61,2.4936306273953797,98,4.1292721891574775,True,-1.5911323657415288,255.5684878044275,249.35787716082558,69.42367785246577,363.0940805368836,246.69408053688358,0.0011212491218686998,355755.74352648534,0.2093348449063338,0.6040364113370668,1.5282828183721176e-19,,,,,,,,,,,,,,,,,,
140,17,44,5.31578579562629,75,6.289759171500254,90,8.607787055400841,True,-1.5411807931879131,255.6511507392165,250.1320810675712,68.61112866115339,373.4,247.12221783471168,0.0011202021608525754,181626.66963542945,0.22255876387227325,0.6040242575387504,4.968742294262143e-18,,,,,,,,,,,,,,,,,,
141,0,22,2.4029305146654694,61,6.43550968736027,82,8.135768222294692,True,-1.4781645580827674,259.3681917211329,248.97085225404862,64.89302536405798,349.4813949271883,248.18139492718842,0.0011143252130086168,2520662.607073805,0.113026913498214,0.6039559241276414,2.423493140295902e-24,,,,,,,,,,,,,,,,,,
142,16,2,3.5396857410794595,13,3.7343141659451575,19,4.644189230952222,True,-1.3994391553665513,256.191790220832,252.60575223404274,65.6625428137139,353.4,249.36749143725723,0.0011107580969471106,169968.35158788168,0.2300478343613224,0.6039143554784767,7.073458096407484e-18,,,,,,,,,,,,,,,,,,
143,6,10,1.7476938384566232,46,2.63330481662714,75,4.596508292203595,True,-1.5096574334960595,258.68855382712263,252.07937911148647,68.13718280170839,377.0,248.26570429957286,0.0011091536295706117,145240.97333804,0.2504217929871736,0.6038956352791539,1.9060947754130512e-17,,,,,,,,,,,,,,,,,,
144,7,3,-1.9390670188828345,26,5.899973280559165,67,7.116030127010533,True,-1.33718362781095,259.3190531462136,255.8083915377882,55.719338071615496,659.5961323856769,252.69613238567692,0.0011077757230341942,841136.9781701731,0.22340726266702546,0.6038795471290043,2.153160094578096e-21,,,,,,,,,,,,,,,,,,
145,2,15,-0.4586706041861319,23,7.280131740481384,32,7.643416650393039,True,-1.3788001533610597,256.1412213369135,250.91962142176013,63.615908192454306,344.11681836150916,249.61681836150916,0.0011074697588571688,480043.3787605877,0.14502630945074566,0.6038759733285541,1.4976742480203223e-20,,,,,,,,,,,,,,,,,,
146,8,13,0.5970115034326327,16,1.970202957611933,23,3.2801397798970817,True,-1.4065839258607196,256.80092457578604,252.8318648437154,65.47191127243829,357.7656177455124,249.56561774551238,0.0011072143934669613,60205.70085875925,0.2309230155175077,0.6038729901477001,1.2274620281659734e-15,,,,,,,,,,,,,,,,,,
147,17,22,-3.2539917812894763,33,7.755882534137673,51,8.849329128896542,True,-1.4296925061149872,257.91949008323274,251.14346990564067,65.92487132081592,349.4,249.093782169796,0.0011052819067431548,175055.86696532284,0.1824924466652132,0.6038504030911631,3.6480508922196886e-18,,,,,,,,,,,,,,,,,,
148,0,23,3.046139092293455,35,3.1696946322107435,87,5.524466350001829,True,-1.3996514194350174,256.7693075276075,255.44433381855643,68.66897840352648,671.7,249.1462043192947,0.0011048192500126464,117727.75253366881,0.3223684693022077,0.6038449924452712,1.0400003160569671e-16,,,,,,,,,,,,,,,,,,
149,12,2,-0.9203682616130529,51,1.871099747290892,95,3.3637971123140784,True,-1.5669589165424036,255.62721771659758,251.59212985009572,71.52014687709794,392.8,246.84496328072552,0.001104320326005551,104084.98339649252,0.28068464744912186,0.6038391563290084,1.338635710320057e-16,226.55878183046798,416.0316356097125,478.2316356097125,225.83418219514374,0.0001088196952883618,96213.80774643313,0.1128933374406653,0.5858046384045194,2.5778457717761756e-20,,,,,,,,,
150,6,4,-0.2666712060141858,50,4.308997229938743,76,7.258747764897272,True,-1.493990109110802,259.82706114760157,250.884859388696,67.38165332839024,363.4,248.24366933432202,0.0011017375582350812,121886.97302527494,0.2078326116993064,0.603808922478143,2.9206547498851033e-17,,,,,,,,,,,,,,,,,,
151,7,25,-5.541633103563994,54,5.880121888083682,96,9.420170520859696,True,-1.5693782501939324,255.82358692148875,250.42938188607644,70.53452451459273,378.0,246.86636887135185,0.0010996240795908669,105724.71171096584,0.2425785553850925,0.6037841544081206,8.509684711052175e-17,,,,,,,,,,,,,,,,,,
152,18,3,1.4462782112494017,11,5.71656657999541,17,8.118092031661067,True,-1.3992269083938993,257.27489666436907,253.62066468358702,65.94878218791635,362.2,249.63024356241675,0.0010996149526423145,44888.723109991464,0.2558439093572961,0.6037840473942814,6.5547569705631605e-15,,,,,,,,,,,,,,,,,,
153,9,21,1.9621509155793595,65,3.7308356422979863,89,5.666156675148327,True,-1.4993074128019952,255.57676654916213,248.50280785037998,65.89784871288796,353.2,247.800537821778,0.0010987229628476882,4163227.47857856,0.10667400832054087,0.6037735865259236,1.7039181708911996e-25,,,,,,,,,,,,,,,,,,
154,16,43,0.5777257023861502,49,2.7911956859792824,68,4.746311270374517,True,-1.4550302388594436,257.66002526178545,250.07478300132738,66.54562424045363,352.7135939398866,248.4135939398866,0.0010965266508610539,350605.76637453376,0.16430670303836933,0.6037478101027,9.071928656543619e-20,,,,,,,,,,,,,,,,,,
155,1,47,-2.2699884790445046,50,6.548713707676883,77,7.431859194097482,True,-1.48671521016524,257.2906448735734,250.42046350886383,67.16954474728885,361.0326138131778,248.2326138131778,0.0010938930718638904,190025.64823050075,0.18892457743819127,0.6037168660303023,2.552482058717079e-18,,,,,,,,,,,,,,,,,,
156,5,16,0.0726686771960452,61,5.647716820853066,86,8.979236664157739,True,-1.4843555262508994,255.6559217101193,248.8363067669107,65.16366438547689,353.2,248.23408390363082,0.0010938445786298073,6818852.646385511,0.09868253593231488,0.6037162958769569,1.2269605377298367e-26,,,,,,,,,,,,,,,,,,
157,13,1,5.311792618140165,70,6.198941145436269,92,7.6549487890828445,True,-1.4496451624771696,254.96043090228898,248.0707624658821,68.12475435816857,181.0548526149012,247.31504912836638,0.0010932088168130606,136192.68780945512,0.1104988405743063,0.6037088197557036,4.667528567284247e-18,,,,,,,,,,,,,,,,,,
158,4,18,0.7629215021720164,35,3.1354083712915166,47,3.8253380022188415,True,-1.404798524529138,257.2771742583064,250.8821383052372,65.89884756784934,352.2252881080377,249.02528810803767,0.0010920799626693218,384518.55320610094,0.17363596022059308,0.6036955395789733,6.277718812831747e-20,,,,,,,,,,,,,,,,,,
159,10,54,-0.7487365070177461,57,4.2134709549413465,99,7.120714002504367,True,-1.5642358488909114,255.7068330858312,250.0650643991188,69.08717871250525,383.3,247.1282053218737,0.001091359943073672,234358.37089593164,0.2197516712586315,0.603687065287366,1.2525879006663315e-18,,,,,,,,,,,,,,,,,,
160,4,45,5.092410706659251,66,6.331828450969894,77,8.625969709960026,True,-1.4684990586644358,257.789023421506,249.8974707031435,65.87785315682036,362.03053671079493,248.33053671079486,0.0010912930805317396,446324.6791301036,0.15961096574454234,0.6036862781977459,2.5312756635836033e-20,,,,,,,,,,,,,,,,,,
161,0,6,5.563925710240195,55,5.871124855444116,76,8.204537368926598,True,-1.44618193644452,258.01297675596214,249.32037185230232,65.13910884146803,349.9921782317064,248.59217823170638,0.0010911199560651352,3409289.8265369595,0.10847674885185787,0.6036842401008291,4.630974068906224e-25,,,,,,,,,,,,,,,,,,
162,18,28,-0.27753409958608977,49,3.8315399123898857,71,5.805287575657568,True,-1.455601124259742,256.99650748408965,250.1226582927436,66.2935518365263,354.2516120408684,248.55161204086846,0.0010908588536271062,392243.2266337665,0.15973712953098573,0.6036811659674972,4.8123575581009717e-20,,,,,,,,,,,,,,,,,,
163,4,38,-3.6556096351372784,53,5.940878417374941,85,6.770531156523727,True,-1.4817795143488868,255.478874319454,248.93596169611882,66.25323710965239,349.54935257806954,248.14935257806962,0.0010897381787883381,2883548.402570485,0.11284208838080835,0.6036679671233431,1.154102950486042e-24,,,,,,,,,,,,,,,,,,
164,19,20,3.814046675540936,47,4.868994685472607,64,9.377392183012013,True,-1.3808833808677496,258.2414103781624,251.08777428876468,61.711240510771006,668.3,250.3377518978458,0.001089029873479692,55607476.33272365,0.1096983856406821,0.6036596213197265,3.994035410505558e-31,,,,,,,,,,,,,,,,,,
165,5,17,-4.020979249028448,40,7.138066365226294,90,9.634011695494486,True,-1.4961209118255017,256.5880827273908,253.10761768774285,70.7054837138052,414.4513709284513,247.84862907154877,0.0010889662843038145,254549.62123704838,0.2947881960722757,0.603658871923198,1.6742304396705109e-18,243.25074322420903,421.73914491035276,492.73914491035276,242.46085508964737,0.00010519392405482596,117132.1356836128,0.11368736296015325,0.585663644423075,7.47548200865614e-21,,,,,,,,,
166,12,37,1.0873274449885688,57,8.767284896949914,73,9.425625573377413,True,-1.391927540454033,258.4814599357939,249.09161845813668,67.68112553811848,184.38584415358886,248.2047186154704,0.0010877988874691867,96456.321807193,0.1194852332259952,0.6036451101005248,2.927040632086119e-17,,,,,,,,,,,,,,,,,,
167,10,8,-4.351345338152578,57,8.112794590622883,74,8.329205691546324,True,-1.3848254850721895,256.30874021678613,248.96652606472358,67.03407512382924,183.5004450742976,248.2331849752341,0.0010838058546510574,168289.9565365324,0.10866422285813004,0.6035979796221695,1.5214436302549612e-18,,,,,,,,,,,,,,,,,,
168,4,15,-1.0483207498019738,42,4.421055065471276,92,6.557992592827951,True,-1.50659168269587,256.119441603016,252.7949988312216,72.67020618065743,413.26755154516434,247.2324484548357,0.0010825247448156675,111493.5954030575,0.3039015619787241,0.6035828391393523,1.1057174922009842e-16,242.3432507625837,421.1271382235418,492.5271382235418,241.47286177645825,0.00010662386782092055,87419.24685375032,0.11953995210229773,0.5857195401774127,3.4864535386701645e-20,,,,,,,,,
169,15,52,3.337953367565545,53,5.6701141880736445,69,9.974401513944569,True,-1.3814615612960934,258.4710193886533,249.1666868647351,67.34931563108464,184.08958937865086,248.3701368737831,0.001081432362391009,117245.67089563055,0.11304602588832666,0.6035699213594908,9.799773559147616e-18,,,,,,,,,,,,,,,,,,
170,0,21,5.530073939787967,50,5.831452952198887,61,7.367141022054517,True,-1.3494687847443505,259.4410380024501,252.17068728047985,68.89870609633651,642.7,248.9802587807327,0.0010794839250651326,237913.83279413945,0.2284839990219257,0.6035468642421858,1.2004995857352162e-18,,,,,,,,,,,,,,,,,,
171,17,7,-4.718029696971481,59,6.645045198147964,79,9.109247682569851,True,-1.4156449637001227,259.6075914838167,248.72795611690327,68.0267321165544,182.17603926993263,247.97465357668912,0.0010772030084042557,152712.40618396187,0.11017736612209447,0.6035198445588189,2.4931355988629983e-18,,,,,,,,,,,,,,,,,,
172,4,2,-1.3605025213166506,44,5.950474694308528,61,8.13107852994819,True,-1.410259647976453,255.8173780478489,250.05797116066344,66.03726645429609,350.29254670914077,248.89254670914082,0.0010768645856374763,1150824.51908429,0.13734799611533702,0.6035158330526947,1.5845224567846518e-22,,,,,,,,,,,,,,,,,,
173,5,34,-0.41641582780939856,55,5.731514130399907,78,8.891872152481769,True,-1.443752484513383,258.6729029224155,249.17655288196426,65.54883341118186,352.49023331776357,248.59023331776365,0.0010735462903636317,5213765.732348998,0.09730702942405678,0.6034764644081996,4.3043754156101416e-26,,,,,,,,,,,,,,,,,,
174,9,17,-0.8556765259182004,29,5.4907376924498985,41,6.833072187619305,True,-1.3646330867839789,257.6389799567454,250.61480365025585,64.15447303453564,347.2891053930929,249.78910539309288,0.00107234225093567,2161869.5339430887,0.1152725045714002,0.6034621637498195,4.736954604923396e-24,,,,,,,,,,,,,,,,,,
175,7,37,-0.7324562345748582,40,5.7371457274983015,69,9.231788584502072,True,-1.4673114661978908,259.74201374563165,252.54783122502892,69.63610485530667,384.4,248.4159737861733,0.0010722127247130557,132762.22193016225,0.2610006966412268,0.6034606248341828,2.973733608882045e-17,,,,,,,,,,,,,,,,,,
176,4,19,-1.6408226201552107,23,6.257924285754548,59,6.799937374699423,True,-1.3081831266932282,258.9378885759262,254.85971168093099,56.37464620027768,654.630141519889,252.86507075994442,0.0010716012551145995,2257455.0527768605,0.17846396302912867,0.603453358578234,8.654520893376445e-24,,,,,,,,,,,,,,,,,,
177,15,8,-2.2317681821653323,27,2.6603650367594085,71,3.244588424632952,True,-1.3270282478434112,260.252281266774,255.06301257492058,62.64638366099417,659.4307232678011,251.33072326780118,0.0010689199643231632,464808.01386495883,0.2458646119166402,0.6034214703574238,4.7465480951685534e-20,,,,,,,,,,,,,,,,,,
178,1,17,-4.099409218089121,62,5.69874919495552,85,8.876728684321375,True,-1.4273452703954732,255.3033274463617,248.5000356809554,68.44069133183135,180.83051849887352,247.78982716704212,0.0010678805109701646,172433.95348802776,0.10703073539750424,0.6034090969893044,1.2593022583068413e-18,,,,,,,,,,,,,,,,,,
179,0,34,-3.990091338479607,60,6.657415297391468,89,9.985203768423046,True,-1.4407901853680218,255.27340047063012,248.3158896403479,69.37483636448522,180.456127273364,247.48129090887863,0.00106516260478924,95754.99255845556,0.11607507495119206,0.6033767138692777,2.716234962755025e-17,,,,,,,,,,,,,,,,,,
180,12,3,1.2345455679028277,25,5.994083214651775,58,7.759863917701978,True,-1.3839387178749751,258.342741299149,255.68257240537025,70.70643604196465,425.4016090104912,249.49839098950886,0.0010625866626153863,68456.06334837772,0.3194082688663089,0.6033459821548239,1.3298984851271047e-15,249.80826295869025,426.2742549965226,503.63712749826135,248.8628725017387,0.00010121771273578188,85477.61803811206,0.1226405487081555,0.5855061574613127,3.1434353310633423e-20,,,,,,,,,
181,5,13,0.709659244190675,21,2.3374395850649883,38,4.407863803941098,True,-1.396640179858789,257.5701024021437,255.27601165425696,70.04241449250162,397.6,249.57151710149967,0.00106248946783295,36057.55301589373,0.3072477562069714,0.6033448218286055,2.8337805277651715e-14,228.6765119361221,421.4621258055649,484.2621258055649,227.96893709721755,9.917362398899517e-05,135614.95332851828,0.11103885260511223,0.5854239745099095,3.529268134253136e-21,,,,,,,,,
182,13,9,3.4130446041777565,35,6.198936422613535,77,9.229684878513401,True,-1.4378356135305739,257.22732892544207,254.04901169417005,71.97517186299669,417.5750343725994,248.3249656274007,0.0010624564341564266,115849.31946009965,0.30785798786196,0.6033444274548242,8.842180064970826e-17,244.8280649869893,423.6816456588255,496.9816456588255,243.9591771705872,0.00010327178069461824,92232.12437342288,0.11882841439688395,0.5855878977454623,2.3365492637669346e-20,,,,,,,,,
183,12,10,-0.261924719550219,61,4.465356190540497,92,8.862840277830333,True,-1.4958827598101725,255.62356435506146,249.25452979784046,69.08799974284453,364.6024000514311,247.5024000514311,0.0010604858041761238,710488.9619598237,0.16920752216027027,0.6033208893609121,2.5894128819685634e-21,,,,,,,,,,,,,,,,,,
184,7,22,0.6062284731982199,54,4.271785590019679,74,6.525905715793438,True,-1.4160196892887114,259.137635161027,249.3577112944774,65.63839024114516,353.41540243971366,248.81540243971367,0.0010597922243323057,9168912.034338653,0.09352094268225301,0.6033125994692201,2.2814077017264244e-27,,,,,,,,,,,,,,,,,,
185,12,23,5.718413706575153,60,6.200072517567978,74,8.491707924645437,True,-1.347738595565103,259.137635161027,250.94268675865703,68.13216494003719,651.7135670119926,248.91356701199257,0.0010580618197781556,3095459.4250888755,0.1817108032369554,0.6032919046898536,1.8706926993015317e-24,,,,,,,,,,,,,,,,,,
186,19,11,0.7663070939363354,41,4.473046510863262,82,7.930002439038634,True,-1.4667041838096584,256.5680318766738,252.7337014577224,71.24989349675923,404.7099786993518,247.99002130064807,0.001057154383857373,146446.70671140088,0.2800886988345787,0.6032810451068273,2.1023309456127475e-17,235.4575871975535,421.29280614308715,487.79280614308715,234.70359692845642,0.00010362044106313286,110865.41887683408,0.11288317649179147,0.5856016903776604,1.0025654011021612e-20,,,,,,,,,
187,10,38,3.497737624896205,58,5.898690902166778,70,7.9670261796593715,True,-1.4182580564226281,256.62181260238333,250.0332059411822,66.92638330729143,362.4747233385417,248.57472333854173,0.0010570570151758156,701234.2677874271,0.1539163830321171,0.6032798795733374,2.234881779142375e-21,,,,,,,,,,,,,,,,,,
188,4,21,1.2943571226663746,53,3.602512731858747,91,7.936285303065593,True,-1.5055272997605809,256.24111818186725,250.62753713869373,70.60603149707308,387.5,247.39849212573174,0.001054551228198666,133338.0286152223,0.23071409286166605,0.603249865116479,2.0896642386193104e-17,,,,,,,,,,,,,,,,,,
189,3,49,3.9166431637134096,62,4.174628819931439,71,6.419036990731063,True,-1.3617400696458464,258.68866359382406,249.37948106312,68.0717176758765,183.0430306055259,248.58565646482472,0.0010509494804583695,126991.6563501536,0.1129630724060166,0.6032066575462061,6.0213821757571085e-18,,,,,,,,,,,,,,,,,,
190,17,1,2.9863815647560887,23,6.646391834551867,49,9.8667719503928,True,-1.3767113404077207,257.45542480937667,255.6532386896024,70.79957082349478,414.87991416469896,249.6200858353011,0.0010501030450881929,75009.3432991675,0.3158190827732094,0.6031964922005606,7.868834026575336e-16,242.003927198179,426.03644539099975,493.3364453909997,241.23177730450016,9.653622448220848e-05,100913.16566899237,0.11266886074348048,0.5853166573149932,1.1342978748528532e-20,,,,,,,,,
191,14,49,3.3129582199638783,75,4.74084336349198,90,8.33830598785859,True,-1.4592568735802447,255.60880211085976,248.9132994563676,67.19470646695872,366.6,247.98105870660825,0.0010498663498790504,2597262.259101421,0.12299473774279525,0.6031936488178914,2.0542425489007992e-24,,,,,,,,,,,,,,,,,,
192,1,8,4.086203450441976,34,5.155560844615213,48,8.039403267936088,True,-1.3759779031237116,257.8584454973756,251.06400510551285,66.50651029438433,357.7386979411231,249.4386979411232,0.001048734171229555,615180.6014799643,0.16229028742195678,0.6031800434775367,4.617095343020674e-21,,,,,,,,,,,,,,,,,,
193,2,35,1.2264023295557465,44,2.021967037593379,96,4.7605721817968165,True,-1.45894319714333,256.6286451060114,252.06814125957345,71.24166604602796,419.08833320920564,247.81166679079442,0.001045604019818592,195406.84876999122,0.2648961557752136,0.6031423884314837,4.1979878373263026e-18,246.6953030383688,422.291240097148,504.19124009714807,245.60875990285197,0.00011051123601896612,75098.65718015935,0.13235415013569535,0.5858696005575449,9.430183942374187e-20,,,,,,,,,
194,8,42,2.099562977834406,63,4.199920839915324,81,8.515242144590117,True,-1.4316459373175257,260.094461768514,249.21119883791448,65.81100844537819,363.24724788865547,248.64724788865547,0.001045507431603764,11430366.924695745,0.09541804338982583,0.6031412255560953,7.567900064398613e-28,,,,,,,,,,,,,,,,,,
195,0,22,-0.037678410950864105,53,3.2475231644705964,79,6.452643227726322,True,-1.4394471431073397,257.9347082748443,249.7401275834248,66.31983533972068,364.6,248.7360329320559,0.0010452867290821942,1846176.0951353381,0.12749011831343868,0.6031385681929318,1.185145777836141e-23,,,,,,,,,,,,,,,,,,
196,2,2,1.2156354554155886,35,4.2148381189958615,50,6.688310397482822,True,-1.379291257482095,258.77164184042493,250.87156544528432,67.189528794753,356.64209424104934,249.24209424104941,0.0010452010531541737,569488.9696771348,0.16254973959373575,0.6031375365347585,6.757311914983315e-21,,,,,,,,,,,,,,,,,,
197,7,7,-2.3844336673720594,48,3.8958265153564495,82,7.983036494175838,True,-1.4728267076654462,256.45583101921557,251.26423271119393,71.08090512811,385.3,247.75477371797245,0.0010445760831448503,124584.61777010154,0.2406644131818269,0.6031300096778958,3.127342070471905e-17,,,,,,,,,,,,,,,,,,
198,10,34,-0.3129814606476629,46,0.7549086812685992,84,1.1474904651439672,True,-1.4753484403581152,256.4767184880353,251.07940869063322,70.41639753345001,384.7,247.85672049331,0.0010442382025490956,169298.56825395458,0.2303389222324477,0.6031259394124681,6.119014501643487e-18,,,,,,,,,,,,,,,,,,
199,8,46,0.8958358899934211,48,2.9841502223144545,73,7.450646875953069,True,-1.4383237796138664,259.35935935935936,250.80190957832846,69.36013730630062,368.3,248.32797253873989,0.0010442032916961528,214299.689410173,0.2012094892503388,0.6031255188208577,1.3922312310226247e-18,,,,,,,,,,,,,,,,,,
200,12,9,1.8743121115599573,28,5.429055800059551,38,7.30403919593196,True,-1.3372918150062476,257.4692085096483,250.84559074899903,64.20592852592064,353.5990119123465,250.09901191234658,0.0010436428289169039,3241662.8864968917,0.1095192293976209,0.6031187655854461,5.213763633214209e-25,,,,,,,,,,,,,,,,,,
201,8,47,-2.4837822024891025,55,5.840972488825106,91,8.157952762090957,True,-1.4876353679293903,256.04962821799353,249.13861454382342,69.17613447629759,368.2,247.5809663809256,0.0010430261389770884,682272.024076271,0.15942948804683862,0.6031113326480674,2.6728664094395828e-21,,,,,,,,,,,,,,,,,,
202,0,9,0.1052011737732137,63,1.6657368589974535,92,3.4786404511829367,True,-1.4620386433723793,255.89292996700402,248.47990638555007,66.36167345705395,362.3,248.22766530858917,0.001041805768541687,321054270.1642328,0.06380430592711893,0.6030966167769781,2.0534141940382853e-35,,,,,,,,,,,,,,,,,,
203,6,52,2.9883957336282863,59,6.458038535397776,71,6.9183948577142855,True,-1.3217121848198603,257.23637373895235,249.42925617685228,67.64823757339013,183.20894254403407,248.630352485322,0.0010413392994847016,127473.87115234135,0.11332052025824935,0.6030909894579775,5.7785755038614285e-18,,,,,,,,,,,,,,,,,,
204,3,15,2.4473007233038384,27,8.589737420271026,78,9.885997637196803,True,-1.3046864319413507,262.0630263214552,256.1232079220296,71.59557081910063,685.9,249.54088583617988,0.001038413007366878,502097.56713036,0.3303509201185631,0.6030556574891417,6.655213021979643e-20,,,,,,,,,,,,,,,,,,
205,5,18,5.27826120229583,36,8.16147911662318,44,8.477171932251352,True,-1.3504682719698229,256.97023341634247,251.60102226749768,65.0487843910765,374.0702431217846,249.8702431217847,0.0010377867261258569,390143.2904192176,0.1674435353975124,0.6030480890044023,4.605444216493893e-20,,,,,,,,,,,,,,,,,,
206,9,38,0.01977888458252864,71,3.0477542100328208,93,4.8555955509241535,True,-1.4072866639473631,255.2743072290397,248.26808635433915,69.25326889229386,179.05196133537632,247.54934622154124,0.0010376459618413963,143045.65668555626,0.10772027579423556,0.6030463875661579,2.966863024884652e-18,,,,,,,,,,,,,,,,,,
207,11,23,-3.9611549439638254,68,4.356523335877885,88,4.781642493463231,True,-1.3522479022430611,255.6177759256364,248.58094481405982,68.37408027488141,180.50556020616105,247.8314799312797,0.0010365795897246913,145037.19576163546,0.10995039112456656,0.6030334942377588,2.861274022096461e-18,,,,,,,,,,,,,,,,,,
208,10,57,1.6957656606188198,77,5.709230526284141,92,6.698317241643183,True,-1.3869091228784147,255.56338977739517,248.4816580640997,68.91572943297587,179.7294376597855,247.75685411340484,0.0010358580917438744,129610.31851858685,0.1080998775732,0.6030247666601013,4.8367151094732325e-18,,,,,,,,,,,,,,,,,,
209,4,15,-1.89886314962082,60,9.069072105441377,76,9.394879882533568,True,-1.3300101265802815,257.1208448428134,249.2607162489384,68.25596786191126,182.1935807171468,248.4688064276177,0.0010319178289241102,124121.32340886405,0.11287178023231008,0.6029770478081541,6.3806127013162004e-18,,,,,,,,,,,,,,,,,,
210,15,63,4.714610264118266,84,5.480336549906074,92,7.327594600648062,True,-1.4004965045955229,255.48564583356946,248.53943832617009,69.38299637266111,179.3297978235966,247.8234007254678,0.0010304586690086082,142440.8280701478,0.10747360042563232,0.6029593522535839,2.9441718499551243e-18,,,,,,,,,,,,,,,,,,
211,7,16,-6.689449310489991,48,7.739556533390258,63,8.50649727763297,True,-1.2992614490447607,256.9033865669951,249.7940980188476,68.01161073362229,183.88696644017338,248.9376778532756,0.0010299507650285823,102090.92119049467,0.11730137499010368,0.6029531897081779,1.7899884519052495e-17,,,,,,,,,,,,,,,,,,
212,1,25,-1.0024863794978531,34,8.076297559607081,45,8.666041639125034,True,-1.2837847063513417,257.12771305793854,250.33961463330658,67.85879442868004,185.35527665720804,249.448241114264,0.0010275428386337,91998.84701984748,0.11955949186386665,0.6029239519263463,3.0690926620044555e-17,,,,,,,,,,,,,,,,,,
213,8,16,3.5929911185834165,35,5.474410439098778,44,8.667840512422224,True,-1.2932877930947329,258.13551190307254,251.23760282695025,65.51280363409272,650.5174392731815,250.41743927318143,0.0010271785537766909,23811510.6331966,0.11478687891139593,0.602919525539816,2.5337438921491405e-29,,,,,,,,,,,,,,,,,,
214,5,30,7.444053890192077,49,7.458164741295017,52,7.950996862230803,True,-1.3791281341097459,258.3003562316848,252.79603508842706,68.79742928503889,384.0,249.46051414299225,0.0010269814300966507,105362.06511427258,0.23386220594539744,0.6029171299676909,6.266457250881868e-17,,,,,,,,,,,,,,,,,,
215,0,18,-2.3601650878793556,35,5.8167414834842965,51,9.423359254847107,True,-1.326620275781176,257.19733079122983,250.2092091773143,68.69334655082831,184.21600793049697,249.3613306898344,0.001025696316061884,104474.17576597015,0.11656165263905464,0.6029015065321801,1.5495912413559905e-17,,,,,,,,,,,,,,,,,,
216,0,15,-0.1638442390943915,64,1.3465591280678009,81,1.5437982381008408,True,-1.3373406015747895,258.6483017912984,249.09137609225232,68.43143650476367,180.9788619028582,248.37371269904727,0.0010231962906987312,167569.38369491725,0.10748556499686894,0.6028710836964085,1.2771130870692432e-18,,,,,,,,,,,,,,,,,,
217,0,7,2.8223662929966937,22,5.926374628184187,48,9.353301857028393,True,-1.3356085294137467,258.00505885318296,255.4949216090025,71.00735083325591,419.94147016665113,249.95852983334882,0.001018604626407094,116398.03438261885,0.3021930641773357,0.6028151059782756,7.07907875056992e-17,245.40604847684605,427.61510039568964,500.43020079137926,244.5848996043104,9.783431637901474e-05,116191.20288993767,0.11542602967510646,0.5853696607156824,6.159068535105058e-21,,,,,,,,,
218,2,10,2.767139471004116,10,4.669041645012262,13,6.344225503831918,True,-1.2022518388345995,256.51006965117705,251.05525713851404,66.31249215167217,190.4062460758361,250.13125130805463,0.001018515981442384,102803.54575540259,0.12164345242378395,0.6028140239928431,1.7674897552627843e-17,,,,,,,,,,,,,,,,,,
219,14,7,-0.22051551141215767,61,4.132211014803743,87,9.401242033234844,True,-1.406480007734395,255.83338356683342,248.59855859508247,69.84815211099628,178.66111408324718,247.9129619722509,0.0010181912989659172,170844.23491503825,0.1050950323131517,0.6028100605518354,1.101285613895902e-18,,,,,,,,,,,,,,,,,,
220,14,36,4.545968434167944,72,6.799574751470303,86,9.855307596869466,True,-1.3841060736824098,255.90563557384544,248.88642224221573,69.51336725530982,179.46802035318592,248.17732654893803,0.00101618938103344,159564.68248866985,0.10683975316878216,0.6027856082285108,1.581007836177954e-18,,,,,,,,,,,,,,,,,,
221,7,45,-1.549210454499761,53,4.707001348586728,73,5.3408942911631545,True,-1.323608100819698,258.03793069208626,249.53864683587898,68.43282500640099,181.5996950038406,248.83343499871984,0.0010149407839022387,178991.1054508555,0.10643627878925227,0.6027703445130878,8.764173353179543e-19,,,,,,,,,,,,,,,,,,
222,1,16,0.6146527570114806,52,3.3980942658737394,88,8.09648309533759,True,-1.453045375781798,255.97882170101013,250.13399802276538,70.61176058987095,386.6,247.79705985253227,0.0010125373626158306,444971.45985876326,0.1957617390827082,0.6027409356913284,3.1450304922947956e-20,,,,,,,,,,,,,,,,,,
223,16,17,-0.2711765551298733,54,1.5465753447034365,80,3.4338027591035383,True,-1.4057840957620422,255.95364569977158,249.08888485659912,66.46192056189204,365.6,248.90951985952702,0.0010090248568913435,732203595.5894071,0.05371747554305715,0.6026978899553025,2.192517882066747e-37,,,,,,,,,,,,,,,,,,
224,9,19,-2.0669619786903417,43,3.0263524210475024,69,5.770352342857598,True,-1.3918594502692638,260.1671545543253,250.65743328064158,69.2510308219364,368.1,248.84979383561284,0.0010076855673149263,525540.9027501458,0.17154756617936928,0.6026814562887537,1.0132217446140211e-20,,,,,,,,,,,,,,,,,,
225,1,29,-4.2829141517172475,42,7.004389654332982,60,7.087400723048006,True,-1.2756131808084243,258.342741299149,249.94805906898603,68.16177561340615,182.99706536804368,249.1676448773188,0.0010075544654601673,132384.82011105216,0.1119336772347722,0.6026798469968354,4.206034868994163e-18,,,,,,,,,,,,,,,,,,
226,6,45,3.742428136993162,72,8.231702850032773,83,9.121777437416126,True,-1.3637969012157722,257.6364081333818,249.04128479207267,69.56144738339916,179.6168684300395,248.32771052332012,0.0010071770894627822,157944.16476796012,0.10719506935303423,0.6026752140457486,1.6263160144812137e-18,,,,,,,,,,,,,,,,,,
227,0,5,-1.6653195758672157,22,6.8994461826945885,60,8.704691536013371,True,-1.2651132615752432,258.7904480918143,255.7923661543789,71.44804552454042,670.7103908950919,250.310390895092,0.0010042921324680402,188444.69414134586,0.3006790040636505,0.6026397660408097,6.037231083734289e-18,,,,,,,,,,,,,,,,,,
228,0,3,-1.0860013190138158,42,4.245506290505931,61,8.561344428477106,True,-1.3523957224196508,259.50111082988843,250.2758897216893,65.68664008186612,363.9,249.84267198362681,0.0010029914895675377,22342919.35393961,0.08341755456961737,0.6026237673446789,1.7997399284616174e-29,,,,,,,,,,,,,,,,,,
229,4,67,3.7514544340113014,89,5.166560673701625,97,6.896289673905407,True,-1.3855672675556734,255.99014075371346,248.36001463708885,70.151784149248,177.613838111936,247.662053962688,0.0010016292279410835,117822.32733691235,0.10608094688398252,0.6026069990349505,6.771006126722512e-18,,,,,,,,,,,,,,,,,,
230,6,18,2.4582513809449136,74,5.0952071908400685,91,5.803245081965892,True,-1.3451589593505298,255.6405229788704,248.61344647323585,69.61446960176215,178.76868176105728,247.8771060796476,0.0010008311843229015,131415.47577562608,0.10898399758539433,0.6025971702334005,4.126100723209396e-18,,,,,,,,,,,,,,,,,,
